CREATE TABLE "processqueue$queuedaction" (
	"id" BIGINT NOT NULL,
	"status" VARCHAR_IGNORECASE(24) NULL,
	"queuenumber" INT NULL,
	"phase" VARCHAR_IGNORECASE(9) NULL,
	"referencetext" VARCHAR_IGNORECASE(400) NULL,
	"finishtime" TIMESTAMP NULL,
	"starttime" TIMESTAMP NULL,
	"actionnumber" BIGINT NULL,
	PRIMARY KEY("id"));
CREATE SEQUENCE "processqueue$queuedaction_actionnumber_mxseq" AS BIGINT START WITH 1;
INSERT INTO "mendixsystem$entity" ("id", 
"entity_name", 
"table_name")
 VALUES ('7c042877-d6c1-4363-a233-9503e6aa3734', 
'ProcessQueue.QueuedAction', 
'processqueue$queuedaction');
INSERT INTO "mendixsystem$attribute" ("id", 
"entity_id", 
"attribute_name", 
"column_name", 
"type", 
"length", 
"default_value", 
"is_auto_number")
 VALUES ('feac89ac-e177-45aa-a433-3a927c8a4774', 
'7c042877-d6c1-4363-a233-9503e6aa3734', 
'Status', 
'status', 
40, 
24, 
'NotExecuted', 
false);
INSERT INTO "mendixsystem$attribute" ("id", 
"entity_id", 
"attribute_name", 
"column_name", 
"type", 
"length", 
"default_value", 
"is_auto_number")
 VALUES ('3123a0e3-1e6d-48fe-a578-29111710bb32', 
'7c042877-d6c1-4363-a233-9503e6aa3734', 
'QueueNumber', 
'queuenumber', 
3, 
0, 
'0', 
false);
INSERT INTO "mendixsystem$attribute" ("id", 
"entity_id", 
"attribute_name", 
"column_name", 
"type", 
"length", 
"default_value", 
"is_auto_number")
 VALUES ('34afc1fe-22bf-4f70-802a-850de4d68427', 
'7c042877-d6c1-4363-a233-9503e6aa3734', 
'Phase', 
'phase', 
40, 
9, 
'Unqueued', 
false);
INSERT INTO "mendixsystem$attribute" ("id", 
"entity_id", 
"attribute_name", 
"column_name", 
"type", 
"length", 
"default_value", 
"is_auto_number")
 VALUES ('27f6287f-6d01-4e49-b24c-043463bcfc91', 
'7c042877-d6c1-4363-a233-9503e6aa3734', 
'ReferenceText', 
'referencetext', 
30, 
400, 
'', 
false);
INSERT INTO "mendixsystem$attribute" ("id", 
"entity_id", 
"attribute_name", 
"column_name", 
"type", 
"length", 
"default_value", 
"is_auto_number")
 VALUES ('1c00eedf-6629-427c-9e18-906afcaee4df', 
'7c042877-d6c1-4363-a233-9503e6aa3734', 
'FinishTime', 
'finishtime', 
20, 
0, 
'', 
false);
INSERT INTO "mendixsystem$attribute" ("id", 
"entity_id", 
"attribute_name", 
"column_name", 
"type", 
"length", 
"default_value", 
"is_auto_number")
 VALUES ('7ed2ef22-8740-4220-8fda-805b9f2367dc', 
'7c042877-d6c1-4363-a233-9503e6aa3734', 
'StartTime', 
'starttime', 
20, 
0, 
'', 
false);
INSERT INTO "mendixsystem$attribute" ("id", 
"entity_id", 
"attribute_name", 
"column_name", 
"type", 
"length", 
"default_value", 
"is_auto_number")
 VALUES ('fb3b73fd-511a-47e3-93db-911d51948fd6', 
'7c042877-d6c1-4363-a233-9503e6aa3734', 
'ActionNumber', 
'actionnumber', 
0, 
0, 
'1', 
true);
INSERT INTO "mendixsystem$sequence" ("attribute_id", 
"name", 
"start_value", 
"current_value")
 VALUES ('fb3b73fd-511a-47e3-93db-911d51948fd6', 
'processqueue$queuedaction_actionnumber_mxseq', 
1, 
0);
CREATE TABLE "processqueue$followupaction_previousaction" (
	"processqueue$queuedactionid1" BIGINT NOT NULL,
	"processqueue$queuedactionid2" BIGINT NOT NULL,
	PRIMARY KEY("processqueue$queuedactionid1","processqueue$queuedactionid2"),
	CONSTRAINT "uniq_processqueue$followupaction_previousaction_processqueue$queuedactionid1" UNIQUE ("processqueue$queuedactionid1"));
CREATE INDEX "idx_processqueue$followupaction_previousaction_processqueue$queuedaction_processqueue$queuedaction" ON "processqueue$followupaction_previousaction" ("processqueue$queuedactionid2" ASC,"processqueue$queuedactionid1" ASC);
INSERT INTO "mendixsystem$association" ("id", 
"association_name", 
"table_name", 
"parent_entity_id", 
"child_entity_id", 
"parent_column_name", 
"child_column_name", 
"index_name")
 VALUES ('520ed44d-4415-4610-8ed5-5bad14e69b17', 
'ProcessQueue.FollowupAction_PreviousAction', 
'processqueue$followupaction_previousaction', 
'7c042877-d6c1-4363-a233-9503e6aa3734', 
'7c042877-d6c1-4363-a233-9503e6aa3734', 
'processqueue$queuedactionid1', 
'processqueue$queuedactionid2', 
'idx_processqueue$followupaction_previousaction_processqueue$queuedaction_processqueue$queuedaction');
INSERT INTO "mendixsystem$unique_constraint" ("name", 
"table_id", 
"column_id")
 VALUES ('uniq_processqueue$followupaction_previousaction_processqueue$queuedactionid1', 
'520ed44d-4415-4610-8ed5-5bad14e69b17', 
'a89a219c-6fdc-3993-bbdf-80cbb9d6d47c');
CREATE TABLE "processqueue$queuedaction_process" (
	"processqueue$queuedactionid" BIGINT NOT NULL,
	"processqueue$processid" BIGINT NOT NULL,
	PRIMARY KEY("processqueue$queuedactionid","processqueue$processid"),
	CONSTRAINT "uniq_processqueue$queuedaction_process_processqueue$queuedactionid" UNIQUE ("processqueue$queuedactionid"));
CREATE INDEX "idx_processqueue$queuedaction_process_processqueue$process_processqueue$queuedaction" ON "processqueue$queuedaction_process" ("processqueue$processid" ASC,"processqueue$queuedactionid" ASC);
INSERT INTO "mendixsystem$association" ("id", 
"association_name", 
"table_name", 
"parent_entity_id", 
"child_entity_id", 
"parent_column_name", 
"child_column_name", 
"index_name")
 VALUES ('dfdaafb7-10ff-4324-8545-1abbea5090e2', 
'ProcessQueue.QueuedAction_Process', 
'processqueue$queuedaction_process', 
'7c042877-d6c1-4363-a233-9503e6aa3734', 
'7a37b032-6f85-4415-8407-7aba3d9ab95a', 
'processqueue$queuedactionid', 
'processqueue$processid', 
'idx_processqueue$queuedaction_process_processqueue$process_processqueue$queuedaction');
INSERT INTO "mendixsystem$unique_constraint" ("name", 
"table_id", 
"column_id")
 VALUES ('uniq_processqueue$queuedaction_process_processqueue$queuedactionid', 
'dfdaafb7-10ff-4324-8545-1abbea5090e2', 
'b1e6bb4b-b807-3390-8b2c-0fa03ee86dbe');
CREATE TABLE "processqueue$executionlog" (
	"id" BIGINT NOT NULL,
	"systemerror" BOOLEAN NULL,
	"number" BIGINT NULL,
	"executionstatus" VARCHAR_IGNORECASE(24) NULL,
	"stacktrace" VARCHAR_IGNORECASE(2147483647) NULL,
	"createdon" TIMESTAMP NULL,
	"errormessage" VARCHAR_IGNORECASE(500) NULL,
	"reason" VARCHAR_IGNORECASE(12) NULL,
	PRIMARY KEY("id"));
CREATE SEQUENCE "processqueue$executionlog_number_mxseq" AS BIGINT START WITH 1;
INSERT INTO "mendixsystem$entity" ("id", 
"entity_name", 
"table_name")
 VALUES ('13297867-f409-425b-b9ef-0317159aa40b', 
'ProcessQueue.ExecutionLog', 
'processqueue$executionlog');
INSERT INTO "mendixsystem$attribute" ("id", 
"entity_id", 
"attribute_name", 
"column_name", 
"type", 
"length", 
"default_value", 
"is_auto_number")
 VALUES ('e945d135-89d3-4d3c-8c20-9c24ac645ef0', 
'13297867-f409-425b-b9ef-0317159aa40b', 
'SystemError', 
'systemerror', 
10, 
0, 
'false', 
false);
INSERT INTO "mendixsystem$attribute" ("id", 
"entity_id", 
"attribute_name", 
"column_name", 
"type", 
"length", 
"default_value", 
"is_auto_number")
 VALUES ('368d6819-e37c-492b-a046-f07caad89382', 
'13297867-f409-425b-b9ef-0317159aa40b', 
'Number', 
'number', 
0, 
0, 
'1', 
true);
INSERT INTO "mendixsystem$sequence" ("attribute_id", 
"name", 
"start_value", 
"current_value")
 VALUES ('368d6819-e37c-492b-a046-f07caad89382', 
'processqueue$executionlog_number_mxseq', 
1, 
0);
INSERT INTO "mendixsystem$attribute" ("id", 
"entity_id", 
"attribute_name", 
"column_name", 
"type", 
"length", 
"default_value", 
"is_auto_number")
 VALUES ('b8f8d870-1f24-4e06-8cef-d56876d6d53d', 
'13297867-f409-425b-b9ef-0317159aa40b', 
'ExecutionStatus', 
'executionstatus', 
40, 
24, 
'NotExecuted', 
false);
INSERT INTO "mendixsystem$attribute" ("id", 
"entity_id", 
"attribute_name", 
"column_name", 
"type", 
"length", 
"default_value", 
"is_auto_number")
 VALUES ('71a7747a-0f1e-47b4-9f92-5f9d89bd62cd', 
'13297867-f409-425b-b9ef-0317159aa40b', 
'Stacktrace', 
'stacktrace', 
30, 
0, 
'', 
false);
INSERT INTO "mendixsystem$attribute" ("id", 
"entity_id", 
"attribute_name", 
"column_name", 
"type", 
"length", 
"default_value", 
"is_auto_number")
 VALUES ('a39595b5-00c7-4191-a95c-26d1510972b7', 
'13297867-f409-425b-b9ef-0317159aa40b', 
'CreatedOn', 
'createdon', 
20, 
0, 
'', 
false);
INSERT INTO "mendixsystem$attribute" ("id", 
"entity_id", 
"attribute_name", 
"column_name", 
"type", 
"length", 
"default_value", 
"is_auto_number")
 VALUES ('7205a6bb-7185-423b-90cc-5f90ef2ec576', 
'13297867-f409-425b-b9ef-0317159aa40b', 
'ErrorMessage', 
'errormessage', 
30, 
500, 
'', 
false);
INSERT INTO "mendixsystem$attribute" ("id", 
"entity_id", 
"attribute_name", 
"column_name", 
"type", 
"length", 
"default_value", 
"is_auto_number")
 VALUES ('ddb4ae36-b831-418b-92ef-9e10a5ff0852', 
'13297867-f409-425b-b9ef-0317159aa40b', 
'Reason', 
'reason', 
40, 
12, 
'', 
false);
CREATE TABLE "processqueue$executionlog_queuedaction" (
	"processqueue$executionlogid" BIGINT NOT NULL,
	"processqueue$queuedactionid" BIGINT NOT NULL,
	PRIMARY KEY("processqueue$executionlogid","processqueue$queuedactionid"),
	CONSTRAINT "uniq_processqueue$executionlog_queuedaction_processqueue$executionlogid" UNIQUE ("processqueue$executionlogid"));
CREATE INDEX "idx_processqueue$executionlog_queuedaction_processqueue$queuedaction_processqueue$executionlog" ON "processqueue$executionlog_queuedaction" ("processqueue$queuedactionid" ASC,"processqueue$executionlogid" ASC);
INSERT INTO "mendixsystem$association" ("id", 
"association_name", 
"table_name", 
"parent_entity_id", 
"child_entity_id", 
"parent_column_name", 
"child_column_name", 
"index_name")
 VALUES ('28658ae2-a3eb-43f5-890a-c070859c2291', 
'ProcessQueue.ExecutionLog_QueuedAction', 
'processqueue$executionlog_queuedaction', 
'13297867-f409-425b-b9ef-0317159aa40b', 
'7c042877-d6c1-4363-a233-9503e6aa3734', 
'processqueue$executionlogid', 
'processqueue$queuedactionid', 
'idx_processqueue$executionlog_queuedaction_processqueue$queuedaction_processqueue$executionlog');
INSERT INTO "mendixsystem$unique_constraint" ("name", 
"table_id", 
"column_id")
 VALUES ('uniq_processqueue$executionlog_queuedaction_processqueue$executionlogid', 
'28658ae2-a3eb-43f5-890a-c070859c2291', 
'735abaa9-e1d1-3c5f-8eb8-4643e55bb666');
CREATE TABLE "processqueue$process" (
	"id" BIGINT NOT NULL,
	"enabled" BOOLEAN NULL,
	"microflowfullname" VARCHAR_IGNORECASE(200) NULL,
	"name" VARCHAR_IGNORECASE(200) NULL,
	PRIMARY KEY("id"));
INSERT INTO "mendixsystem$entity" ("id", 
"entity_name", 
"table_name")
 VALUES ('7a37b032-6f85-4415-8407-7aba3d9ab95a', 
'ProcessQueue.Process', 
'processqueue$process');
INSERT INTO "mendixsystem$attribute" ("id", 
"entity_id", 
"attribute_name", 
"column_name", 
"type", 
"length", 
"default_value", 
"is_auto_number")
 VALUES ('94d31e36-e66a-42df-bfc2-e8163277caf8', 
'7a37b032-6f85-4415-8407-7aba3d9ab95a', 
'Enabled', 
'enabled', 
10, 
0, 
'true', 
false);
INSERT INTO "mendixsystem$attribute" ("id", 
"entity_id", 
"attribute_name", 
"column_name", 
"type", 
"length", 
"default_value", 
"is_auto_number")
 VALUES ('3aee52d5-c774-4150-b753-415c5d76b03b', 
'7a37b032-6f85-4415-8407-7aba3d9ab95a', 
'MicroflowFullname', 
'microflowfullname', 
30, 
200, 
'', 
false);
INSERT INTO "mendixsystem$attribute" ("id", 
"entity_id", 
"attribute_name", 
"column_name", 
"type", 
"length", 
"default_value", 
"is_auto_number")
 VALUES ('49cbb3da-2695-4489-9288-639c77f94c98', 
'7a37b032-6f85-4415-8407-7aba3d9ab95a', 
'Name', 
'name', 
30, 
200, 
'', 
false);
CREATE TABLE "processqueue$process_queueconfiguration" (
	"processqueue$processid" BIGINT NOT NULL,
	"processqueue$sharedqueueconfigurationid" BIGINT NOT NULL,
	PRIMARY KEY("processqueue$processid","processqueue$sharedqueueconfigurationid"),
	CONSTRAINT "uniq_processqueue$process_queueconfiguration_processqueue$processid" UNIQUE ("processqueue$processid"));
CREATE INDEX "idx_processqueue$process_queueconfiguration_processqueue$sharedqueueconfiguration_processqueue$process" ON "processqueue$process_queueconfiguration" ("processqueue$sharedqueueconfigurationid" ASC,"processqueue$processid" ASC);
INSERT INTO "mendixsystem$association" ("id", 
"association_name", 
"table_name", 
"parent_entity_id", 
"child_entity_id", 
"parent_column_name", 
"child_column_name", 
"index_name")
 VALUES ('cb44441c-f053-4f6d-8be3-93495e8a3932', 
'ProcessQueue.Process_QueueConfiguration', 
'processqueue$process_queueconfiguration', 
'7a37b032-6f85-4415-8407-7aba3d9ab95a', 
'ee9f7089-51da-4dd6-b2c0-dabb24f16e4d', 
'processqueue$processid', 
'processqueue$sharedqueueconfigurationid', 
'idx_processqueue$process_queueconfiguration_processqueue$sharedqueueconfiguration_processqueue$process');
INSERT INTO "mendixsystem$unique_constraint" ("name", 
"table_id", 
"column_id")
 VALUES ('uniq_processqueue$process_queueconfiguration_processqueue$processid', 
'cb44441c-f053-4f6d-8be3-93495e8a3932', 
'b557c276-e763-3640-8f5d-20da295a2284');
CREATE TABLE "processqueue$sharedqueueconfiguration" (
	"id" BIGINT NOT NULL,
	"threadaffinity" INT NULL,
	"queuerefnr" BIGINT NULL,
	"numberofthreads" INT NULL,
	"queuename" VARCHAR_IGNORECASE(200) NULL,
	PRIMARY KEY("id"));
CREATE SEQUENCE "processqueue$sharedqueueconfiguration_queuerefnr_mxseq" AS BIGINT START WITH 1;
INSERT INTO "mendixsystem$entity" ("id", 
"entity_name", 
"table_name")
 VALUES ('ee9f7089-51da-4dd6-b2c0-dabb24f16e4d', 
'ProcessQueue.SharedQueueConfiguration', 
'processqueue$sharedqueueconfiguration');
INSERT INTO "mendixsystem$attribute" ("id", 
"entity_id", 
"attribute_name", 
"column_name", 
"type", 
"length", 
"default_value", 
"is_auto_number")
 VALUES ('27f9f92c-b223-4c5b-a4dc-84287aa908be', 
'ee9f7089-51da-4dd6-b2c0-dabb24f16e4d', 
'ThreadAffinity', 
'threadaffinity', 
3, 
0, 
'5', 
false);
INSERT INTO "mendixsystem$attribute" ("id", 
"entity_id", 
"attribute_name", 
"column_name", 
"type", 
"length", 
"default_value", 
"is_auto_number")
 VALUES ('fd36b168-9591-4166-a383-9887739d298b', 
'ee9f7089-51da-4dd6-b2c0-dabb24f16e4d', 
'QueueRefNr', 
'queuerefnr', 
0, 
0, 
'1', 
true);
INSERT INTO "mendixsystem$sequence" ("attribute_id", 
"name", 
"start_value", 
"current_value")
 VALUES ('fd36b168-9591-4166-a383-9887739d298b', 
'processqueue$sharedqueueconfiguration_queuerefnr_mxseq', 
1, 
0);
INSERT INTO "mendixsystem$attribute" ("id", 
"entity_id", 
"attribute_name", 
"column_name", 
"type", 
"length", 
"default_value", 
"is_auto_number")
 VALUES ('cc53db49-f24c-49f0-96e6-f9b953401de1', 
'ee9f7089-51da-4dd6-b2c0-dabb24f16e4d', 
'NumberOfThreads', 
'numberofthreads', 
3, 
0, 
'1', 
false);
INSERT INTO "mendixsystem$attribute" ("id", 
"entity_id", 
"attribute_name", 
"column_name", 
"type", 
"length", 
"default_value", 
"is_auto_number")
 VALUES ('7bf74619-b7d3-428b-9736-4893c4087cc6', 
'ee9f7089-51da-4dd6-b2c0-dabb24f16e4d', 
'QueueName', 
'queuename', 
30, 
200, 
'', 
false);
CREATE TABLE "demo$gank_queuedaction" (
	"demo$gankid" BIGINT NOT NULL,
	"processqueue$queuedactionid" BIGINT NOT NULL,
	PRIMARY KEY("demo$gankid","processqueue$queuedactionid"),
	CONSTRAINT "uniq_demo$gank_queuedaction_demo$gankid" UNIQUE ("demo$gankid"));
CREATE INDEX "idx_demo$gank_queuedaction_processqueue$queuedaction_demo$gank" ON "demo$gank_queuedaction" ("processqueue$queuedactionid" ASC,"demo$gankid" ASC);
INSERT INTO "mendixsystem$association" ("id", 
"association_name", 
"table_name", 
"parent_entity_id", 
"child_entity_id", 
"parent_column_name", 
"child_column_name", 
"index_name")
 VALUES ('670e193d-94e8-4034-924f-4df78eaceedc', 
'Demo.Gank_QueuedAction', 
'demo$gank_queuedaction', 
'3adb8e0d-c19f-4c27-a9cd-654e75b9247f', 
'7c042877-d6c1-4363-a233-9503e6aa3734', 
'demo$gankid', 
'processqueue$queuedactionid', 
'idx_demo$gank_queuedaction_processqueue$queuedaction_demo$gank');
INSERT INTO "mendixsystem$unique_constraint" ("name", 
"table_id", 
"column_id")
 VALUES ('uniq_demo$gank_queuedaction_demo$gankid', 
'670e193d-94e8-4034-924f-4df78eaceedc', 
'4d9a587c-a42d-3b92-89db-7515386e605c');
CREATE TABLE "demo$queueprocessdemo" (
	"id" BIGINT NOT NULL,
	"imagesurl" VARCHAR_IGNORECASE(2147483647) NULL,
	"showtype" VARCHAR_IGNORECASE(200) NULL,
	"source" VARCHAR_IGNORECASE(200) NULL,
	"used" BOOLEAN NULL,
	"url" VARCHAR_IGNORECASE(200) NULL,
	"who" VARCHAR_IGNORECASE(200) NULL,
	"desc" VARCHAR_IGNORECASE(200) NULL,
	PRIMARY KEY("id"));
INSERT INTO "mendixsystem$entity" ("id", 
"entity_name", 
"table_name")
 VALUES ('83c03338-2d8a-490e-aa50-05805076ff8c', 
'Demo.QueueProcessDemo', 
'demo$queueprocessdemo');
INSERT INTO "mendixsystem$attribute" ("id", 
"entity_id", 
"attribute_name", 
"column_name", 
"type", 
"length", 
"default_value", 
"is_auto_number")
 VALUES ('bd841771-e02a-4c62-ab45-94d3f2e8fd4b', 
'83c03338-2d8a-490e-aa50-05805076ff8c', 
'imagesURL', 
'imagesurl', 
30, 
0, 
'http://ww1.sinaimg.cn/large/0073sXn7ly1fupho47i6mj30690b4n1c', 
false);
INSERT INTO "mendixsystem$attribute" ("id", 
"entity_id", 
"attribute_name", 
"column_name", 
"type", 
"length", 
"default_value", 
"is_auto_number")
 VALUES ('35a52b25-ad45-43eb-9d82-3369187c9f9d', 
'83c03338-2d8a-490e-aa50-05805076ff8c', 
'showType', 
'showtype', 
30, 
200, 
'', 
false);
INSERT INTO "mendixsystem$attribute" ("id", 
"entity_id", 
"attribute_name", 
"column_name", 
"type", 
"length", 
"default_value", 
"is_auto_number")
 VALUES ('8a751df1-f347-49c1-9152-bab20d0e4f2d', 
'83c03338-2d8a-490e-aa50-05805076ff8c', 
'source', 
'source', 
30, 
200, 
'', 
false);
INSERT INTO "mendixsystem$attribute" ("id", 
"entity_id", 
"attribute_name", 
"column_name", 
"type", 
"length", 
"default_value", 
"is_auto_number")
 VALUES ('2d525613-1a48-457a-8891-21d9e8cb41e9', 
'83c03338-2d8a-490e-aa50-05805076ff8c', 
'used', 
'used', 
10, 
0, 
'false', 
false);
INSERT INTO "mendixsystem$attribute" ("id", 
"entity_id", 
"attribute_name", 
"column_name", 
"type", 
"length", 
"default_value", 
"is_auto_number")
 VALUES ('efa881eb-0118-4990-9440-9eaa4a69ff1f', 
'83c03338-2d8a-490e-aa50-05805076ff8c', 
'url', 
'url', 
30, 
200, 
'', 
false);
INSERT INTO "mendixsystem$attribute" ("id", 
"entity_id", 
"attribute_name", 
"column_name", 
"type", 
"length", 
"default_value", 
"is_auto_number")
 VALUES ('5ee5477a-941d-471c-8905-6e8b2c6fbcac', 
'83c03338-2d8a-490e-aa50-05805076ff8c', 
'who', 
'who', 
30, 
200, 
'', 
false);
INSERT INTO "mendixsystem$attribute" ("id", 
"entity_id", 
"attribute_name", 
"column_name", 
"type", 
"length", 
"default_value", 
"is_auto_number")
 VALUES ('9d14b85b-ae9b-4ec9-bbc7-cf2fabda4b11', 
'83c03338-2d8a-490e-aa50-05805076ff8c', 
'desc', 
'desc', 
30, 
200, 
'', 
false);
UPDATE "mendixsystem$version"
 SET "versionnumber" = '4.2', 
"lastsyncdate" = '20181020 16:48:26';
