CREATE TABLE "xlsreport$customexcel" (
	"id" BIGINT NOT NULL,
	PRIMARY KEY("id"));
INSERT INTO "mendixsystem$entity" ("id", 
"entity_name", 
"table_name", 
"superentity_id")
 VALUES ('900ea152-9c9b-4eaa-a3bc-2b8b6fb19573', 
'XLSReport.CustomExcel', 
'xlsreport$customexcel', 
'170ce49d-f29c-4fac-99a6-b55e8a3aeb39');
CREATE TABLE "xlsreport$mxrowsettings" (
	"id" BIGINT NOT NULL,
	"rowheight" INT NULL,
	"changeddate" TIMESTAMP NULL,
	"createddate" TIMESTAMP NULL,
	"rowindex" INT NULL,
	"defaultheight" BOOLEAN NULL,
	"system$owner" BIGINT NULL,
	"system$changedby" BIGINT NULL,
	PRIMARY KEY("id"));
CREATE INDEX "idx_xlsreport$mxrowsettings_system$owner" ON "xlsreport$mxrowsettings" ("system$owner" ASC,"id" ASC);
CREATE INDEX "idx_xlsreport$mxrowsettings_system$changedby" ON "xlsreport$mxrowsettings" ("system$changedby" ASC,"id" ASC);
INSERT INTO "mendixsystem$entity" ("id", 
"entity_name", 
"table_name")
 VALUES ('912f4a5b-cc05-4ac6-bfdc-6c03836b47d0', 
'XLSReport.MxRowSettings', 
'xlsreport$mxrowsettings');
INSERT INTO "mendixsystem$attribute" ("id", 
"entity_id", 
"attribute_name", 
"column_name", 
"type", 
"length", 
"default_value", 
"is_auto_number")
 VALUES ('9221b620-f43f-4d63-8f66-1f2ed40be736', 
'912f4a5b-cc05-4ac6-bfdc-6c03836b47d0', 
'RowHeight', 
'rowheight', 
3, 
0, 
'0', 
false);
INSERT INTO "mendixsystem$attribute" ("id", 
"entity_id", 
"attribute_name", 
"column_name", 
"type", 
"length", 
"default_value", 
"is_auto_number")
 VALUES ('3f6ca8a3-1a86-33be-9eaa-07810bb69c99', 
'912f4a5b-cc05-4ac6-bfdc-6c03836b47d0', 
'changedDate', 
'changeddate', 
20, 
0, 
'', 
false);
INSERT INTO "mendixsystem$attribute" ("id", 
"entity_id", 
"attribute_name", 
"column_name", 
"type", 
"length", 
"default_value", 
"is_auto_number")
 VALUES ('b0043594-17b9-36d4-b7a5-260e487b1503', 
'912f4a5b-cc05-4ac6-bfdc-6c03836b47d0', 
'createdDate', 
'createddate', 
20, 
0, 
'', 
false);
INSERT INTO "mendixsystem$attribute" ("id", 
"entity_id", 
"attribute_name", 
"column_name", 
"type", 
"length", 
"default_value", 
"is_auto_number")
 VALUES ('7e846535-805e-474b-b20a-72f9b50497f0', 
'912f4a5b-cc05-4ac6-bfdc-6c03836b47d0', 
'RowIndex', 
'rowindex', 
3, 
0, 
'0', 
false);
INSERT INTO "mendixsystem$attribute" ("id", 
"entity_id", 
"attribute_name", 
"column_name", 
"type", 
"length", 
"default_value", 
"is_auto_number")
 VALUES ('85949ed5-fb1b-4861-9469-b72d79dd3f63', 
'912f4a5b-cc05-4ac6-bfdc-6c03836b47d0', 
'DefaultHeight', 
'defaultheight', 
10, 
0, 
'false', 
false);
INSERT INTO "mendixsystem$index" ("id", 
"table_id", 
"index_name")
 VALUES ('146d4d19-7fea-3ef5-979e-5b6b5902c20c', 
'912f4a5b-cc05-4ac6-bfdc-6c03836b47d0', 
'idx_xlsreport$mxrowsettings_system$owner');
INSERT INTO "mendixsystem$index_column" ("index_id", 
"column_id", 
"sort_order", 
"ordinal")
 VALUES ('146d4d19-7fea-3ef5-979e-5b6b5902c20c', 
'ce4df808-999f-389b-9123-e76683b0ccbd', 
false, 
0);
INSERT INTO "mendixsystem$index" ("id", 
"table_id", 
"index_name")
 VALUES ('c3b22eb1-aa9c-3a01-a30f-01a5559613b4', 
'912f4a5b-cc05-4ac6-bfdc-6c03836b47d0', 
'idx_xlsreport$mxrowsettings_system$changedby');
INSERT INTO "mendixsystem$index_column" ("index_id", 
"column_id", 
"sort_order", 
"ordinal")
 VALUES ('c3b22eb1-aa9c-3a01-a30f-01a5559613b4', 
'6ea4d1eb-22d7-337b-ba9c-b5cbbf0c6c03', 
false, 
0);
INSERT INTO "mendixsystem$association" ("id", 
"association_name", 
"table_name", 
"parent_entity_id", 
"child_entity_id", 
"parent_column_name", 
"child_column_name")
 VALUES ('ce4df808-999f-389b-9123-e76683b0ccbd', 
'System.owner', 
'system$owner', 
'912f4a5b-cc05-4ac6-bfdc-6c03836b47d0', 
'282e2e60-88a5-469d-84a5-ba8d9151644f', 
'id', 
'system$owner');
INSERT INTO "mendixsystem$association" ("id", 
"association_name", 
"table_name", 
"parent_entity_id", 
"child_entity_id", 
"parent_column_name", 
"child_column_name")
 VALUES ('6ea4d1eb-22d7-337b-ba9c-b5cbbf0c6c03', 
'System.changedBy', 
'system$changedby', 
'912f4a5b-cc05-4ac6-bfdc-6c03836b47d0', 
'282e2e60-88a5-469d-84a5-ba8d9151644f', 
'id', 
'system$changedby');
CREATE TABLE "xlsreport$mxrowsettings_mxsheet" (
	"xlsreport$mxrowsettingsid" BIGINT NOT NULL,
	"xlsreport$mxsheetid" BIGINT NOT NULL,
	PRIMARY KEY("xlsreport$mxrowsettingsid","xlsreport$mxsheetid"),
	CONSTRAINT "uniq_xlsreport$mxrowsettings_mxsheet_xlsreport$mxrowsettingsid" UNIQUE ("xlsreport$mxrowsettingsid"));
CREATE INDEX "idx_xlsreport$mxrowsettings_mxsheet_xlsreport$mxsheet_xlsreport$mxrowsettings" ON "xlsreport$mxrowsettings_mxsheet" ("xlsreport$mxsheetid" ASC,"xlsreport$mxrowsettingsid" ASC);
INSERT INTO "mendixsystem$association" ("id", 
"association_name", 
"table_name", 
"parent_entity_id", 
"child_entity_id", 
"parent_column_name", 
"child_column_name", 
"index_name")
 VALUES ('26fa4ccf-4a4c-4fa7-aa71-04a86b570c01', 
'XLSReport.MxRowSettings_MxSheet', 
'xlsreport$mxrowsettings_mxsheet', 
'912f4a5b-cc05-4ac6-bfdc-6c03836b47d0', 
'cfaa3798-017b-4850-bcd1-f1e03cf68cf0', 
'xlsreport$mxrowsettingsid', 
'xlsreport$mxsheetid', 
'idx_xlsreport$mxrowsettings_mxsheet_xlsreport$mxsheet_xlsreport$mxrowsettings');
INSERT INTO "mendixsystem$unique_constraint" ("name", 
"table_id", 
"column_id")
 VALUES ('uniq_xlsreport$mxrowsettings_mxsheet_xlsreport$mxrowsettingsid', 
'26fa4ccf-4a4c-4fa7-aa71-04a86b570c01', 
'1847ee92-a645-3c64-ab68-f740767cbd84');
CREATE TABLE "xlsreport$mxtemplate" (
	"id" BIGINT NOT NULL,
	"changeddate" TIMESTAMP NULL,
	"description" VARCHAR_IGNORECASE(2147483647) NULL,
	"createddate" TIMESTAMP NULL,
	"csvseparator" VARCHAR_IGNORECASE(9) NULL,
	"datetimepresentation" VARCHAR_IGNORECASE(12) NULL,
	"documenttype" VARCHAR_IGNORECASE(4) NULL,
	"customedateformat" VARCHAR_IGNORECASE(200) NULL,
	"templateid" BIGINT NULL,
	"name" VARCHAR_IGNORECASE(200) NULL,
	"system$changedby" BIGINT NULL,
	"system$owner" BIGINT NULL,
	PRIMARY KEY("id"));
CREATE SEQUENCE "xlsreport$mxtemplate_templateid_mxseq" AS BIGINT START WITH 1;
CREATE INDEX "idx_xlsreport$mxtemplate_system$changedby" ON "xlsreport$mxtemplate" ("system$changedby" ASC,"id" ASC);
CREATE INDEX "idx_xlsreport$mxtemplate_system$owner" ON "xlsreport$mxtemplate" ("system$owner" ASC,"id" ASC);
INSERT INTO "mendixsystem$entity" ("id", 
"entity_name", 
"table_name")
 VALUES ('55e7d806-ce0b-44b6-a7e9-6155960bb0a7', 
'XLSReport.MxTemplate', 
'xlsreport$mxtemplate');
INSERT INTO "mendixsystem$attribute" ("id", 
"entity_id", 
"attribute_name", 
"column_name", 
"type", 
"length", 
"default_value", 
"is_auto_number")
 VALUES ('39a2b700-bed7-3f0f-8a0b-680f8ad1bf75', 
'55e7d806-ce0b-44b6-a7e9-6155960bb0a7', 
'changedDate', 
'changeddate', 
20, 
0, 
'', 
false);
INSERT INTO "mendixsystem$attribute" ("id", 
"entity_id", 
"attribute_name", 
"column_name", 
"type", 
"length", 
"default_value", 
"is_auto_number")
 VALUES ('4b590040-bd1d-4fba-9f83-c58cde237347', 
'55e7d806-ce0b-44b6-a7e9-6155960bb0a7', 
'Description', 
'description', 
30, 
0, 
'', 
false);
INSERT INTO "mendixsystem$attribute" ("id", 
"entity_id", 
"attribute_name", 
"column_name", 
"type", 
"length", 
"default_value", 
"is_auto_number")
 VALUES ('0788ea5f-c187-37b8-8332-328ec9d5496b', 
'55e7d806-ce0b-44b6-a7e9-6155960bb0a7', 
'createdDate', 
'createddate', 
20, 
0, 
'', 
false);
INSERT INTO "mendixsystem$attribute" ("id", 
"entity_id", 
"attribute_name", 
"column_name", 
"type", 
"length", 
"default_value", 
"is_auto_number")
 VALUES ('f31e8a88-5680-415e-9262-c35a8f25520c', 
'55e7d806-ce0b-44b6-a7e9-6155960bb0a7', 
'CSVSeparator', 
'csvseparator', 
40, 
9, 
'', 
false);
INSERT INTO "mendixsystem$attribute" ("id", 
"entity_id", 
"attribute_name", 
"column_name", 
"type", 
"length", 
"default_value", 
"is_auto_number")
 VALUES ('ae95276b-3ae3-4986-8f1a-c02b714638cd', 
'55e7d806-ce0b-44b6-a7e9-6155960bb0a7', 
'DateTimePresentation', 
'datetimepresentation', 
40, 
12, 
'', 
false);
INSERT INTO "mendixsystem$attribute" ("id", 
"entity_id", 
"attribute_name", 
"column_name", 
"type", 
"length", 
"default_value", 
"is_auto_number")
 VALUES ('3fe66df5-6bd2-49f7-816e-bf6dcf93e642', 
'55e7d806-ce0b-44b6-a7e9-6155960bb0a7', 
'DocumentType', 
'documenttype', 
40, 
4, 
'XLS', 
false);
INSERT INTO "mendixsystem$attribute" ("id", 
"entity_id", 
"attribute_name", 
"column_name", 
"type", 
"length", 
"default_value", 
"is_auto_number")
 VALUES ('1510a07b-5e9e-4e1f-934d-f2f528dba58a', 
'55e7d806-ce0b-44b6-a7e9-6155960bb0a7', 
'CustomeDateFormat', 
'customedateformat', 
30, 
200, 
'', 
false);
INSERT INTO "mendixsystem$attribute" ("id", 
"entity_id", 
"attribute_name", 
"column_name", 
"type", 
"length", 
"default_value", 
"is_auto_number")
 VALUES ('3f1e258d-1741-413d-9e15-02c89354a2ce', 
'55e7d806-ce0b-44b6-a7e9-6155960bb0a7', 
'TemplateID', 
'templateid', 
0, 
0, 
'1', 
true);
INSERT INTO "mendixsystem$sequence" ("attribute_id", 
"name", 
"start_value", 
"current_value")
 VALUES ('3f1e258d-1741-413d-9e15-02c89354a2ce', 
'xlsreport$mxtemplate_templateid_mxseq', 
1, 
0);
INSERT INTO "mendixsystem$attribute" ("id", 
"entity_id", 
"attribute_name", 
"column_name", 
"type", 
"length", 
"default_value", 
"is_auto_number")
 VALUES ('365c0182-93f9-494a-a8ad-420e7c9cd222', 
'55e7d806-ce0b-44b6-a7e9-6155960bb0a7', 
'Name', 
'name', 
30, 
200, 
'', 
false);
INSERT INTO "mendixsystem$index" ("id", 
"table_id", 
"index_name")
 VALUES ('0d5e04be-38c4-3255-a616-29c54a010ddd', 
'55e7d806-ce0b-44b6-a7e9-6155960bb0a7', 
'idx_xlsreport$mxtemplate_system$changedby');
INSERT INTO "mendixsystem$index_column" ("index_id", 
"column_id", 
"sort_order", 
"ordinal")
 VALUES ('0d5e04be-38c4-3255-a616-29c54a010ddd', 
'300bb6a5-0285-3aad-b5cd-c1e0565234b2', 
false, 
0);
INSERT INTO "mendixsystem$index" ("id", 
"table_id", 
"index_name")
 VALUES ('0bc6d47f-499a-35ba-bb18-fd55aeaaf3e8', 
'55e7d806-ce0b-44b6-a7e9-6155960bb0a7', 
'idx_xlsreport$mxtemplate_system$owner');
INSERT INTO "mendixsystem$index_column" ("index_id", 
"column_id", 
"sort_order", 
"ordinal")
 VALUES ('0bc6d47f-499a-35ba-bb18-fd55aeaaf3e8', 
'd17f62d1-a770-3cca-94a1-f26de5206239', 
false, 
0);
INSERT INTO "mendixsystem$association" ("id", 
"association_name", 
"table_name", 
"parent_entity_id", 
"child_entity_id", 
"parent_column_name", 
"child_column_name")
 VALUES ('300bb6a5-0285-3aad-b5cd-c1e0565234b2', 
'System.changedBy', 
'system$changedby', 
'55e7d806-ce0b-44b6-a7e9-6155960bb0a7', 
'282e2e60-88a5-469d-84a5-ba8d9151644f', 
'id', 
'system$changedby');
INSERT INTO "mendixsystem$association" ("id", 
"association_name", 
"table_name", 
"parent_entity_id", 
"child_entity_id", 
"parent_column_name", 
"child_column_name")
 VALUES ('d17f62d1-a770-3cca-94a1-f26de5206239', 
'System.owner', 
'system$owner', 
'55e7d806-ce0b-44b6-a7e9-6155960bb0a7', 
'282e2e60-88a5-469d-84a5-ba8d9151644f', 
'id', 
'system$owner');
CREATE TABLE "xlsreport$mxtemplate_inputobject" (
	"xlsreport$mxtemplateid" BIGINT NOT NULL,
	"mxmodelreflection$mxobjecttypeid" BIGINT NOT NULL,
	PRIMARY KEY("xlsreport$mxtemplateid","mxmodelreflection$mxobjecttypeid"),
	CONSTRAINT "uniq_xlsreport$mxtemplate_inputobject_xlsreport$mxtemplateid" UNIQUE ("xlsreport$mxtemplateid"));
CREATE INDEX "idx_xlsreport$mxtemplate_inputobject_mxmodelreflection$mxobjecttype_xlsreport$mxtemplate" ON "xlsreport$mxtemplate_inputobject" ("mxmodelreflection$mxobjecttypeid" ASC,"xlsreport$mxtemplateid" ASC);
INSERT INTO "mendixsystem$association" ("id", 
"association_name", 
"table_name", 
"parent_entity_id", 
"child_entity_id", 
"parent_column_name", 
"child_column_name", 
"index_name")
 VALUES ('1598add3-188a-4709-a438-60099795e873', 
'XLSReport.MxTemplate_InputObject', 
'xlsreport$mxtemplate_inputobject', 
'55e7d806-ce0b-44b6-a7e9-6155960bb0a7', 
'cd410397-fedd-4ffc-b980-44d0dd7a494d', 
'xlsreport$mxtemplateid', 
'mxmodelreflection$mxobjecttypeid', 
'idx_xlsreport$mxtemplate_inputobject_mxmodelreflection$mxobjecttype_xlsreport$mxtemplate');
INSERT INTO "mendixsystem$unique_constraint" ("name", 
"table_id", 
"column_id")
 VALUES ('uniq_xlsreport$mxtemplate_inputobject_xlsreport$mxtemplateid', 
'1598add3-188a-4709-a438-60099795e873', 
'cb07100b-b138-390e-a493-7794f0ed79c0');
CREATE TABLE "xlsreport$mxtemplate_customexcel" (
	"xlsreport$mxtemplateid" BIGINT NOT NULL,
	"xlsreport$customexcelid" BIGINT NOT NULL,
	PRIMARY KEY("xlsreport$mxtemplateid","xlsreport$customexcelid"),
	CONSTRAINT "uniq_xlsreport$mxtemplate_customexcel_xlsreport$mxtemplateid" UNIQUE ("xlsreport$mxtemplateid"));
CREATE INDEX "idx_xlsreport$mxtemplate_customexcel_xlsreport$customexcel_xlsreport$mxtemplate" ON "xlsreport$mxtemplate_customexcel" ("xlsreport$customexcelid" ASC,"xlsreport$mxtemplateid" ASC);
INSERT INTO "mendixsystem$association" ("id", 
"association_name", 
"table_name", 
"parent_entity_id", 
"child_entity_id", 
"parent_column_name", 
"child_column_name", 
"index_name")
 VALUES ('6e3d4412-4631-41a1-b8c8-287ba359724d', 
'XLSReport.MxTemplate_CustomExcel', 
'xlsreport$mxtemplate_customexcel', 
'55e7d806-ce0b-44b6-a7e9-6155960bb0a7', 
'900ea152-9c9b-4eaa-a3bc-2b8b6fb19573', 
'xlsreport$mxtemplateid', 
'xlsreport$customexcelid', 
'idx_xlsreport$mxtemplate_customexcel_xlsreport$customexcel_xlsreport$mxtemplate');
INSERT INTO "mendixsystem$unique_constraint" ("name", 
"table_id", 
"column_id")
 VALUES ('uniq_xlsreport$mxtemplate_customexcel_xlsreport$mxtemplateid', 
'6e3d4412-4631-41a1-b8c8-287ba359724d', 
'578a8779-5df7-30cc-b908-c50513d3d4a7');
CREATE TABLE "xlsreport$mxxpath" (
	"id" BIGINT NOT NULL,
	"retrievetype" VARCHAR_IGNORECASE(9) NULL,
	"subvisible" BOOLEAN NULL,
	PRIMARY KEY("id"));
INSERT INTO "mendixsystem$entity" ("id", 
"entity_name", 
"table_name")
 VALUES ('bfa4ee74-336c-4fcb-bbac-96debde4f869', 
'XLSReport.MxXPath', 
'xlsreport$mxxpath');
INSERT INTO "mendixsystem$attribute" ("id", 
"entity_id", 
"attribute_name", 
"column_name", 
"type", 
"length", 
"default_value", 
"is_auto_number")
 VALUES ('2a7cc86a-3292-470d-8aee-59682e28c745', 
'bfa4ee74-336c-4fcb-bbac-96debde4f869', 
'RetrieveType', 
'retrievetype', 
40, 
9, 
'', 
false);
INSERT INTO "mendixsystem$attribute" ("id", 
"entity_id", 
"attribute_name", 
"column_name", 
"type", 
"length", 
"default_value", 
"is_auto_number")
 VALUES ('d773ae86-da7c-4a80-bfff-4739680822c9', 
'bfa4ee74-336c-4fcb-bbac-96debde4f869', 
'SubVisible', 
'subvisible', 
10, 
0, 
'false', 
false);
CREATE TABLE "xlsreport$mxxpath_parentmxxpath" (
	"xlsreport$mxxpathid1" BIGINT NOT NULL,
	"xlsreport$mxxpathid2" BIGINT NOT NULL,
	PRIMARY KEY("xlsreport$mxxpathid1","xlsreport$mxxpathid2"),
	CONSTRAINT "uniq_xlsreport$mxxpath_parentmxxpath_xlsreport$mxxpathid1" UNIQUE ("xlsreport$mxxpathid1"));
CREATE INDEX "idx_xlsreport$mxxpath_parentmxxpath_xlsreport$mxxpath_xlsreport$mxxpath" ON "xlsreport$mxxpath_parentmxxpath" ("xlsreport$mxxpathid2" ASC,"xlsreport$mxxpathid1" ASC);
INSERT INTO "mendixsystem$association" ("id", 
"association_name", 
"table_name", 
"parent_entity_id", 
"child_entity_id", 
"parent_column_name", 
"child_column_name", 
"index_name")
 VALUES ('8b4844f8-8e74-4e6e-bb89-a3dfbf5d9346', 
'XLSReport.MxXPath_ParentMxXPath', 
'xlsreport$mxxpath_parentmxxpath', 
'bfa4ee74-336c-4fcb-bbac-96debde4f869', 
'bfa4ee74-336c-4fcb-bbac-96debde4f869', 
'xlsreport$mxxpathid1', 
'xlsreport$mxxpathid2', 
'idx_xlsreport$mxxpath_parentmxxpath_xlsreport$mxxpath_xlsreport$mxxpath');
INSERT INTO "mendixsystem$unique_constraint" ("name", 
"table_id", 
"column_id")
 VALUES ('uniq_xlsreport$mxxpath_parentmxxpath_xlsreport$mxxpathid1', 
'8b4844f8-8e74-4e6e-bb89-a3dfbf5d9346', 
'56b51ba8-fd2a-38d9-91f1-44625f7fac4c');
CREATE TABLE "xlsreport$mxxpath_mxobjectmember" (
	"xlsreport$mxxpathid" BIGINT NOT NULL,
	"mxmodelreflection$mxobjectmemberid" BIGINT NOT NULL,
	PRIMARY KEY("xlsreport$mxxpathid","mxmodelreflection$mxobjectmemberid"),
	CONSTRAINT "uniq_xlsreport$mxxpath_mxobjectmember_xlsreport$mxxpathid" UNIQUE ("xlsreport$mxxpathid"));
CREATE INDEX "idx_xlsreport$mxxpath_mxobjectmember_mxmodelreflection$mxobjectmember_xlsreport$mxxpath" ON "xlsreport$mxxpath_mxobjectmember" ("mxmodelreflection$mxobjectmemberid" ASC,"xlsreport$mxxpathid" ASC);
INSERT INTO "mendixsystem$association" ("id", 
"association_name", 
"table_name", 
"parent_entity_id", 
"child_entity_id", 
"parent_column_name", 
"child_column_name", 
"index_name")
 VALUES ('70a04d88-d0d4-46ee-a965-386fd6c79990', 
'XLSReport.MxXPath_MxObjectMember', 
'xlsreport$mxxpath_mxobjectmember', 
'bfa4ee74-336c-4fcb-bbac-96debde4f869', 
'11655a68-5df9-42f3-a19e-6c7353e8ee4a', 
'xlsreport$mxxpathid', 
'mxmodelreflection$mxobjectmemberid', 
'idx_xlsreport$mxxpath_mxobjectmember_mxmodelreflection$mxobjectmember_xlsreport$mxxpath');
INSERT INTO "mendixsystem$unique_constraint" ("name", 
"table_id", 
"column_id")
 VALUES ('uniq_xlsreport$mxxpath_mxobjectmember_xlsreport$mxxpathid', 
'70a04d88-d0d4-46ee-a965-386fd6c79990', 
'df0a7a89-f3b4-3999-a489-d20132004e7f');
CREATE TABLE "xlsreport$mxxpath_mxobjectreference" (
	"xlsreport$mxxpathid" BIGINT NOT NULL,
	"mxmodelreflection$mxobjectreferenceid" BIGINT NOT NULL,
	PRIMARY KEY("xlsreport$mxxpathid","mxmodelreflection$mxobjectreferenceid"),
	CONSTRAINT "uniq_xlsreport$mxxpath_mxobjectreference_xlsreport$mxxpathid" UNIQUE ("xlsreport$mxxpathid"));
CREATE INDEX "idx_xlsreport$mxxpath_mxobjectreference_mxmodelreflection$mxobjectreference_xlsreport$mxxpath" ON "xlsreport$mxxpath_mxobjectreference" ("mxmodelreflection$mxobjectreferenceid" ASC,"xlsreport$mxxpathid" ASC);
INSERT INTO "mendixsystem$association" ("id", 
"association_name", 
"table_name", 
"parent_entity_id", 
"child_entity_id", 
"parent_column_name", 
"child_column_name", 
"index_name")
 VALUES ('ba38cca6-536b-4d38-8b9e-c3e084b89be3', 
'XLSReport.MxXPath_MxObjectReference', 
'xlsreport$mxxpath_mxobjectreference', 
'bfa4ee74-336c-4fcb-bbac-96debde4f869', 
'cd548bf7-468b-4a7b-9070-322c5a08b666', 
'xlsreport$mxxpathid', 
'mxmodelreflection$mxobjectreferenceid', 
'idx_xlsreport$mxxpath_mxobjectreference_mxmodelreflection$mxobjectreference_xlsreport$mxxpath');
INSERT INTO "mendixsystem$unique_constraint" ("name", 
"table_id", 
"column_id")
 VALUES ('uniq_xlsreport$mxxpath_mxobjectreference_xlsreport$mxxpathid', 
'ba38cca6-536b-4d38-8b9e-c3e084b89be3', 
'3e095209-4c0b-368f-8253-a4b67fd14050');
CREATE TABLE "xlsreport$childmxxpath_mxxpath" (
	"xlsreport$mxxpathid1" BIGINT NOT NULL,
	"xlsreport$mxxpathid2" BIGINT NOT NULL,
	PRIMARY KEY("xlsreport$mxxpathid1","xlsreport$mxxpathid2"),
	CONSTRAINT "uniq_xlsreport$childmxxpath_mxxpath_xlsreport$mxxpathid1" UNIQUE ("xlsreport$mxxpathid1"));
CREATE INDEX "idx_xlsreport$childmxxpath_mxxpath_xlsreport$mxxpath_xlsreport$mxxpath" ON "xlsreport$childmxxpath_mxxpath" ("xlsreport$mxxpathid2" ASC,"xlsreport$mxxpathid1" ASC);
INSERT INTO "mendixsystem$association" ("id", 
"association_name", 
"table_name", 
"parent_entity_id", 
"child_entity_id", 
"parent_column_name", 
"child_column_name", 
"index_name")
 VALUES ('eb648336-05e4-47e1-885c-7320af11fb05', 
'XLSReport.ChildMxXPath_MxXPath', 
'xlsreport$childmxxpath_mxxpath', 
'bfa4ee74-336c-4fcb-bbac-96debde4f869', 
'bfa4ee74-336c-4fcb-bbac-96debde4f869', 
'xlsreport$mxxpathid1', 
'xlsreport$mxxpathid2', 
'idx_xlsreport$childmxxpath_mxxpath_xlsreport$mxxpath_xlsreport$mxxpath');
INSERT INTO "mendixsystem$unique_constraint" ("name", 
"table_id", 
"column_id")
 VALUES ('uniq_xlsreport$childmxxpath_mxxpath_xlsreport$mxxpathid1', 
'eb648336-05e4-47e1-885c-7320af11fb05', 
'ceba2381-c466-3373-aecc-016866ff73b9');
CREATE TABLE "xlsreport$mxxpath_mxdata" (
	"xlsreport$mxxpathid" BIGINT NOT NULL,
	"xlsreport$mxdataid" BIGINT NOT NULL,
	PRIMARY KEY("xlsreport$mxxpathid","xlsreport$mxdataid"),
	CONSTRAINT "uniq_xlsreport$mxxpath_mxdata_xlsreport$mxdataid" UNIQUE ("xlsreport$mxdataid"),
	CONSTRAINT "uniq_xlsreport$mxxpath_mxdata_xlsreport$mxxpathid" UNIQUE ("xlsreport$mxxpathid"));
CREATE INDEX "idx_xlsreport$mxxpath_mxdata_xlsreport$mxdata_xlsreport$mxxpath" ON "xlsreport$mxxpath_mxdata" ("xlsreport$mxdataid" ASC,"xlsreport$mxxpathid" ASC);
INSERT INTO "mendixsystem$association" ("id", 
"association_name", 
"table_name", 
"parent_entity_id", 
"child_entity_id", 
"parent_column_name", 
"child_column_name", 
"index_name")
 VALUES ('4b2a8f90-bcbe-44d6-b21e-9c4c7fc866e8', 
'XLSReport.MxXPath_MxData', 
'xlsreport$mxxpath_mxdata', 
'bfa4ee74-336c-4fcb-bbac-96debde4f869', 
'85f75741-ac6b-4f8c-af83-cc2ff8a1d677', 
'xlsreport$mxxpathid', 
'xlsreport$mxdataid', 
'idx_xlsreport$mxxpath_mxdata_xlsreport$mxdata_xlsreport$mxxpath');
INSERT INTO "mendixsystem$unique_constraint" ("name", 
"table_id", 
"column_id")
 VALUES ('uniq_xlsreport$mxxpath_mxdata_xlsreport$mxdataid', 
'4b2a8f90-bcbe-44d6-b21e-9c4c7fc866e8', 
'3cad627e-19fa-3c05-a18e-a57e9d308759');
INSERT INTO "mendixsystem$unique_constraint" ("name", 
"table_id", 
"column_id")
 VALUES ('uniq_xlsreport$mxxpath_mxdata_xlsreport$mxxpathid', 
'4b2a8f90-bcbe-44d6-b21e-9c4c7fc866e8', 
'74a06a4c-395a-36da-9592-78b6f8bcd2db');
CREATE TABLE "xlsreport$mxxpath_mxobjecttype" (
	"xlsreport$mxxpathid" BIGINT NOT NULL,
	"mxmodelreflection$mxobjecttypeid" BIGINT NOT NULL,
	PRIMARY KEY("xlsreport$mxxpathid","mxmodelreflection$mxobjecttypeid"),
	CONSTRAINT "uniq_xlsreport$mxxpath_mxobjecttype_xlsreport$mxxpathid" UNIQUE ("xlsreport$mxxpathid"));
CREATE INDEX "idx_xlsreport$mxxpath_mxobjecttype_mxmodelreflection$mxobjecttype_xlsreport$mxxpath" ON "xlsreport$mxxpath_mxobjecttype" ("mxmodelreflection$mxobjecttypeid" ASC,"xlsreport$mxxpathid" ASC);
INSERT INTO "mendixsystem$association" ("id", 
"association_name", 
"table_name", 
"parent_entity_id", 
"child_entity_id", 
"parent_column_name", 
"child_column_name", 
"index_name")
 VALUES ('d32ab798-10c2-428c-85de-3a572a75f7bb', 
'XLSReport.MxXPath_MxObjectType', 
'xlsreport$mxxpath_mxobjecttype', 
'bfa4ee74-336c-4fcb-bbac-96debde4f869', 
'cd410397-fedd-4ffc-b980-44d0dd7a494d', 
'xlsreport$mxxpathid', 
'mxmodelreflection$mxobjecttypeid', 
'idx_xlsreport$mxxpath_mxobjecttype_mxmodelreflection$mxobjecttype_xlsreport$mxxpath');
INSERT INTO "mendixsystem$unique_constraint" ("name", 
"table_id", 
"column_id")
 VALUES ('uniq_xlsreport$mxxpath_mxobjecttype_xlsreport$mxxpathid', 
'd32ab798-10c2-428c-85de-3a572a75f7bb', 
'893a049e-e5eb-3c05-a9ce-a37b20dcbfc2');
CREATE TABLE "xlsreport$mxcellstyle" (
	"id" BIGINT NOT NULL,
	"textheight" INT NULL,
	"borderbottom" INT NULL,
	"textitalic" BOOLEAN NULL,
	"textverticalalignment" VARCHAR_IGNORECASE(6) NULL,
	"borderleft" INT NULL,
	"bordercolor" VARCHAR_IGNORECASE(10) NULL,
	"textrotation" INT NULL,
	"textbold" BOOLEAN NULL,
	"name" VARCHAR_IGNORECASE(200) NULL,
	"changeddate" TIMESTAMP NULL,
	"wraptext" BOOLEAN NULL,
	"createddate" TIMESTAMP NULL,
	"textunderline" BOOLEAN NULL,
	"textalignment" VARCHAR_IGNORECASE(6) NULL,
	"textcolor" VARCHAR_IGNORECASE(10) NULL,
	"backgroundcolor" VARCHAR_IGNORECASE(10) NULL,
	"bordertop" INT NULL,
	"borderright" INT NULL,
	"system$changedby" BIGINT NULL,
	"system$owner" BIGINT NULL,
	PRIMARY KEY("id"));
CREATE INDEX "idx_xlsreport$mxcellstyle_system$changedby" ON "xlsreport$mxcellstyle" ("system$changedby" ASC,"id" ASC);
CREATE INDEX "idx_xlsreport$mxcellstyle_system$owner" ON "xlsreport$mxcellstyle" ("system$owner" ASC,"id" ASC);
INSERT INTO "mendixsystem$entity" ("id", 
"entity_name", 
"table_name")
 VALUES ('52186d56-418d-448d-a1d5-d61572cc4711', 
'XLSReport.MxCellStyle', 
'xlsreport$mxcellstyle');
INSERT INTO "mendixsystem$attribute" ("id", 
"entity_id", 
"attribute_name", 
"column_name", 
"type", 
"length", 
"default_value", 
"is_auto_number")
 VALUES ('9a7b6f23-1d7e-405e-98ab-0770f20b56a6', 
'52186d56-418d-448d-a1d5-d61572cc4711', 
'TextHeight', 
'textheight', 
3, 
0, 
'10', 
false);
INSERT INTO "mendixsystem$attribute" ("id", 
"entity_id", 
"attribute_name", 
"column_name", 
"type", 
"length", 
"default_value", 
"is_auto_number")
 VALUES ('1069708b-214b-4d47-a47d-67ba0d552d85', 
'52186d56-418d-448d-a1d5-d61572cc4711', 
'BorderBottom', 
'borderbottom', 
3, 
0, 
'0', 
false);
INSERT INTO "mendixsystem$attribute" ("id", 
"entity_id", 
"attribute_name", 
"column_name", 
"type", 
"length", 
"default_value", 
"is_auto_number")
 VALUES ('ddd19c0d-fcc4-4f45-bcc4-dd217fa685a7', 
'52186d56-418d-448d-a1d5-d61572cc4711', 
'TextItalic', 
'textitalic', 
10, 
0, 
'false', 
false);
INSERT INTO "mendixsystem$attribute" ("id", 
"entity_id", 
"attribute_name", 
"column_name", 
"type", 
"length", 
"default_value", 
"is_auto_number")
 VALUES ('adb4f9cb-679d-47b3-9550-95be89bab15b', 
'52186d56-418d-448d-a1d5-d61572cc4711', 
'TextVerticalalignment', 
'textverticalalignment', 
40, 
6, 
'', 
false);
INSERT INTO "mendixsystem$attribute" ("id", 
"entity_id", 
"attribute_name", 
"column_name", 
"type", 
"length", 
"default_value", 
"is_auto_number")
 VALUES ('64c6eea9-49ca-4e7a-868b-00ba1773f778', 
'52186d56-418d-448d-a1d5-d61572cc4711', 
'BorderLeft', 
'borderleft', 
3, 
0, 
'0', 
false);
INSERT INTO "mendixsystem$attribute" ("id", 
"entity_id", 
"attribute_name", 
"column_name", 
"type", 
"length", 
"default_value", 
"is_auto_number")
 VALUES ('9f9cbcd5-0b00-4ae5-ab36-2ce3e5280c75', 
'52186d56-418d-448d-a1d5-d61572cc4711', 
'BorderColor', 
'bordercolor', 
40, 
10, 
'Blank', 
false);
INSERT INTO "mendixsystem$attribute" ("id", 
"entity_id", 
"attribute_name", 
"column_name", 
"type", 
"length", 
"default_value", 
"is_auto_number")
 VALUES ('977b674c-1f16-4664-b1b7-77c8fdbfbe4f', 
'52186d56-418d-448d-a1d5-d61572cc4711', 
'TextRotation', 
'textrotation', 
3, 
0, 
'0', 
false);
INSERT INTO "mendixsystem$attribute" ("id", 
"entity_id", 
"attribute_name", 
"column_name", 
"type", 
"length", 
"default_value", 
"is_auto_number")
 VALUES ('0f63ce3a-fb96-445d-a1ed-0ca8a86ee089', 
'52186d56-418d-448d-a1d5-d61572cc4711', 
'TextBold', 
'textbold', 
10, 
0, 
'false', 
false);
INSERT INTO "mendixsystem$attribute" ("id", 
"entity_id", 
"attribute_name", 
"column_name", 
"type", 
"length", 
"default_value", 
"is_auto_number")
 VALUES ('393e99d1-3faa-4942-8f04-b59c3c2cedaa', 
'52186d56-418d-448d-a1d5-d61572cc4711', 
'Name', 
'name', 
30, 
200, 
'', 
false);
INSERT INTO "mendixsystem$attribute" ("id", 
"entity_id", 
"attribute_name", 
"column_name", 
"type", 
"length", 
"default_value", 
"is_auto_number")
 VALUES ('3a871bb7-5b4f-30fc-b29b-dcd3531cc4c5', 
'52186d56-418d-448d-a1d5-d61572cc4711', 
'changedDate', 
'changeddate', 
20, 
0, 
'', 
false);
INSERT INTO "mendixsystem$attribute" ("id", 
"entity_id", 
"attribute_name", 
"column_name", 
"type", 
"length", 
"default_value", 
"is_auto_number")
 VALUES ('da0c81cb-3e42-4acb-9b13-ca8d10e6d10e', 
'52186d56-418d-448d-a1d5-d61572cc4711', 
'WrapText', 
'wraptext', 
10, 
0, 
'true', 
false);
INSERT INTO "mendixsystem$attribute" ("id", 
"entity_id", 
"attribute_name", 
"column_name", 
"type", 
"length", 
"default_value", 
"is_auto_number")
 VALUES ('5298a243-0348-3559-8ef4-f878276b6d56', 
'52186d56-418d-448d-a1d5-d61572cc4711', 
'createdDate', 
'createddate', 
20, 
0, 
'', 
false);
INSERT INTO "mendixsystem$attribute" ("id", 
"entity_id", 
"attribute_name", 
"column_name", 
"type", 
"length", 
"default_value", 
"is_auto_number")
 VALUES ('499cf95a-fbde-43ca-bbb8-711697f2b819', 
'52186d56-418d-448d-a1d5-d61572cc4711', 
'TextUnderline', 
'textunderline', 
10, 
0, 
'false', 
false);
INSERT INTO "mendixsystem$attribute" ("id", 
"entity_id", 
"attribute_name", 
"column_name", 
"type", 
"length", 
"default_value", 
"is_auto_number")
 VALUES ('b3ae9668-9ec3-4e50-9f8b-e6a64cfb22ad', 
'52186d56-418d-448d-a1d5-d61572cc4711', 
'TextAlignment', 
'textalignment', 
40, 
6, 
'', 
false);
INSERT INTO "mendixsystem$attribute" ("id", 
"entity_id", 
"attribute_name", 
"column_name", 
"type", 
"length", 
"default_value", 
"is_auto_number")
 VALUES ('ab87f339-b6cb-43a6-abbb-93a58cbfc3da', 
'52186d56-418d-448d-a1d5-d61572cc4711', 
'TextColor', 
'textcolor', 
40, 
10, 
'Black', 
false);
INSERT INTO "mendixsystem$attribute" ("id", 
"entity_id", 
"attribute_name", 
"column_name", 
"type", 
"length", 
"default_value", 
"is_auto_number")
 VALUES ('4a2cf842-5d39-4911-8037-6f5e9e328612', 
'52186d56-418d-448d-a1d5-d61572cc4711', 
'BackgroundColor', 
'backgroundcolor', 
40, 
10, 
'Blank', 
false);
INSERT INTO "mendixsystem$attribute" ("id", 
"entity_id", 
"attribute_name", 
"column_name", 
"type", 
"length", 
"default_value", 
"is_auto_number")
 VALUES ('8bc495e2-a498-4fef-8258-2e36f62367d8', 
'52186d56-418d-448d-a1d5-d61572cc4711', 
'BorderTop', 
'bordertop', 
3, 
0, 
'0', 
false);
INSERT INTO "mendixsystem$attribute" ("id", 
"entity_id", 
"attribute_name", 
"column_name", 
"type", 
"length", 
"default_value", 
"is_auto_number")
 VALUES ('ab04afdb-c9e1-42be-840a-9312acb6b9a2', 
'52186d56-418d-448d-a1d5-d61572cc4711', 
'BorderRight', 
'borderright', 
3, 
0, 
'0', 
false);
INSERT INTO "mendixsystem$index" ("id", 
"table_id", 
"index_name")
 VALUES ('8b18f4cc-5c3a-384d-a941-565add0c3f6b', 
'52186d56-418d-448d-a1d5-d61572cc4711', 
'idx_xlsreport$mxcellstyle_system$changedby');
INSERT INTO "mendixsystem$index_column" ("index_id", 
"column_id", 
"sort_order", 
"ordinal")
 VALUES ('8b18f4cc-5c3a-384d-a941-565add0c3f6b', 
'e72efa76-9e11-39f4-a42a-75657600635a', 
false, 
0);
INSERT INTO "mendixsystem$index" ("id", 
"table_id", 
"index_name")
 VALUES ('61030eb9-2bdd-3665-a3b4-455a11a8bd52', 
'52186d56-418d-448d-a1d5-d61572cc4711', 
'idx_xlsreport$mxcellstyle_system$owner');
INSERT INTO "mendixsystem$index_column" ("index_id", 
"column_id", 
"sort_order", 
"ordinal")
 VALUES ('61030eb9-2bdd-3665-a3b4-455a11a8bd52', 
'1972ca47-098c-355e-a819-419cd40cbee2', 
false, 
0);
INSERT INTO "mendixsystem$association" ("id", 
"association_name", 
"table_name", 
"parent_entity_id", 
"child_entity_id", 
"parent_column_name", 
"child_column_name")
 VALUES ('e72efa76-9e11-39f4-a42a-75657600635a', 
'System.changedBy', 
'system$changedby', 
'52186d56-418d-448d-a1d5-d61572cc4711', 
'282e2e60-88a5-469d-84a5-ba8d9151644f', 
'id', 
'system$changedby');
INSERT INTO "mendixsystem$association" ("id", 
"association_name", 
"table_name", 
"parent_entity_id", 
"child_entity_id", 
"parent_column_name", 
"child_column_name")
 VALUES ('1972ca47-098c-355e-a819-419cd40cbee2', 
'System.owner', 
'system$owner', 
'52186d56-418d-448d-a1d5-d61572cc4711', 
'282e2e60-88a5-469d-84a5-ba8d9151644f', 
'id', 
'system$owner');
CREATE TABLE "xlsreport$mxcellstyle_template" (
	"xlsreport$mxcellstyleid" BIGINT NOT NULL,
	"xlsreport$mxtemplateid" BIGINT NOT NULL,
	PRIMARY KEY("xlsreport$mxcellstyleid","xlsreport$mxtemplateid"),
	CONSTRAINT "uniq_xlsreport$mxcellstyle_template_xlsreport$mxcellstyleid" UNIQUE ("xlsreport$mxcellstyleid"));
CREATE INDEX "idx_xlsreport$mxcellstyle_template_xlsreport$mxtemplate_xlsreport$mxcellstyle" ON "xlsreport$mxcellstyle_template" ("xlsreport$mxtemplateid" ASC,"xlsreport$mxcellstyleid" ASC);
INSERT INTO "mendixsystem$association" ("id", 
"association_name", 
"table_name", 
"parent_entity_id", 
"child_entity_id", 
"parent_column_name", 
"child_column_name", 
"index_name")
 VALUES ('4ca04347-c120-4614-a732-704702e9adbb', 
'XLSReport.MxCellStyle_Template', 
'xlsreport$mxcellstyle_template', 
'52186d56-418d-448d-a1d5-d61572cc4711', 
'55e7d806-ce0b-44b6-a7e9-6155960bb0a7', 
'xlsreport$mxcellstyleid', 
'xlsreport$mxtemplateid', 
'idx_xlsreport$mxcellstyle_template_xlsreport$mxtemplate_xlsreport$mxcellstyle');
INSERT INTO "mendixsystem$unique_constraint" ("name", 
"table_id", 
"column_id")
 VALUES ('uniq_xlsreport$mxcellstyle_template_xlsreport$mxcellstyleid', 
'4ca04347-c120-4614-a732-704702e9adbb', 
'60cb8fd4-b37e-35f9-93aa-81f2de375246');
CREATE TABLE "xlsreport$mxcolumn" (
	"id" BIGINT NOT NULL,
	"dataaggregate" BOOLEAN NULL,
	"dataaggregatefunction" VARCHAR_IGNORECASE(7) NULL,
	"nameasheader" BOOLEAN NULL,
	"resultaggregatefunction" VARCHAR_IGNORECASE(7) NULL,
	"resultaggregate" BOOLEAN NULL,
	"columnnumber" INT NULL,
	"objectattribute" VARCHAR_IGNORECASE(200) NULL,
	PRIMARY KEY("id"));
INSERT INTO "mendixsystem$entity" ("id", 
"entity_name", 
"table_name", 
"superentity_id")
 VALUES ('dd06b468-b9eb-47ff-a022-9f7e4285e34a', 
'XLSReport.MxColumn', 
'xlsreport$mxcolumn', 
'85f75741-ac6b-4f8c-af83-cc2ff8a1d677');
INSERT INTO "mendixsystem$attribute" ("id", 
"entity_id", 
"attribute_name", 
"column_name", 
"type", 
"length", 
"default_value", 
"is_auto_number")
 VALUES ('6546aeb8-60c2-4891-a8d1-b1ff71a41580', 
'dd06b468-b9eb-47ff-a022-9f7e4285e34a', 
'DataAggregate', 
'dataaggregate', 
10, 
0, 
'false', 
false);
INSERT INTO "mendixsystem$attribute" ("id", 
"entity_id", 
"attribute_name", 
"column_name", 
"type", 
"length", 
"default_value", 
"is_auto_number")
 VALUES ('4bcc5678-8c25-4be8-9319-9591e630726e', 
'dd06b468-b9eb-47ff-a022-9f7e4285e34a', 
'DataAggregateFunction', 
'dataaggregatefunction', 
40, 
7, 
'', 
false);
INSERT INTO "mendixsystem$attribute" ("id", 
"entity_id", 
"attribute_name", 
"column_name", 
"type", 
"length", 
"default_value", 
"is_auto_number")
 VALUES ('fb7d36be-1b85-4591-89d4-5d4ef58b25cc', 
'dd06b468-b9eb-47ff-a022-9f7e4285e34a', 
'NameAsHeader', 
'nameasheader', 
10, 
0, 
'true', 
false);
INSERT INTO "mendixsystem$attribute" ("id", 
"entity_id", 
"attribute_name", 
"column_name", 
"type", 
"length", 
"default_value", 
"is_auto_number")
 VALUES ('0c820ace-68c5-423d-af98-54a5de161b5b', 
'dd06b468-b9eb-47ff-a022-9f7e4285e34a', 
'ResultAggregateFunction', 
'resultaggregatefunction', 
40, 
7, 
'', 
false);
INSERT INTO "mendixsystem$attribute" ("id", 
"entity_id", 
"attribute_name", 
"column_name", 
"type", 
"length", 
"default_value", 
"is_auto_number")
 VALUES ('11093c9a-063c-42e0-abd2-3e5c776fffda', 
'dd06b468-b9eb-47ff-a022-9f7e4285e34a', 
'ResultAggregate', 
'resultaggregate', 
10, 
0, 
'false', 
false);
INSERT INTO "mendixsystem$attribute" ("id", 
"entity_id", 
"attribute_name", 
"column_name", 
"type", 
"length", 
"default_value", 
"is_auto_number")
 VALUES ('80fc1323-bcd4-4e69-8743-7311d3d97c71', 
'dd06b468-b9eb-47ff-a022-9f7e4285e34a', 
'ColumnNumber', 
'columnnumber', 
3, 
0, 
'', 
false);
INSERT INTO "mendixsystem$attribute" ("id", 
"entity_id", 
"attribute_name", 
"column_name", 
"type", 
"length", 
"default_value", 
"is_auto_number")
 VALUES ('a7e614ed-2d10-4c0d-bbd6-38abb6e960c1', 
'dd06b468-b9eb-47ff-a022-9f7e4285e34a', 
'ObjectAttribute', 
'objectattribute', 
30, 
200, 
'', 
false);
CREATE TABLE "xlsreport$mxsheet" (
	"id" BIGINT NOT NULL,
	"status" VARCHAR_IGNORECASE(3) NULL,
	"rowheightdefault" BOOLEAN NULL,
	"formlayout_groupby" BOOLEAN NULL,
	"sequence" INT NULL,
	"datausage" BOOLEAN NULL,
	"startrow" INT NULL,
	"name" VARCHAR_IGNORECASE(200) NULL,
	"changeddate" TIMESTAMP NULL,
	"createddate" TIMESTAMP NULL,
	"columnwidthpixels" INT NULL,
	"rowheightpoint" INT NULL,
	"columnwidthdefault" BOOLEAN NULL,
	"distinctdata" BOOLEAN NULL,
	"system$changedby" BIGINT NULL,
	"system$owner" BIGINT NULL,
	PRIMARY KEY("id"));
CREATE INDEX "idx_xlsreport$mxsheet_system$changedby" ON "xlsreport$mxsheet" ("system$changedby" ASC,"id" ASC);
CREATE INDEX "idx_xlsreport$mxsheet_system$owner" ON "xlsreport$mxsheet" ("system$owner" ASC,"id" ASC);
INSERT INTO "mendixsystem$entity" ("id", 
"entity_name", 
"table_name")
 VALUES ('cfaa3798-017b-4850-bcd1-f1e03cf68cf0', 
'XLSReport.MxSheet', 
'xlsreport$mxsheet');
INSERT INTO "mendixsystem$attribute" ("id", 
"entity_id", 
"attribute_name", 
"column_name", 
"type", 
"length", 
"default_value", 
"is_auto_number")
 VALUES ('24d98b84-4dd4-45b5-9a90-ebacf5e9279d', 
'cfaa3798-017b-4850-bcd1-f1e03cf68cf0', 
'Status', 
'status', 
40, 
3, 
'No', 
false);
INSERT INTO "mendixsystem$attribute" ("id", 
"entity_id", 
"attribute_name", 
"column_name", 
"type", 
"length", 
"default_value", 
"is_auto_number")
 VALUES ('eedc767e-27f9-4717-aa27-6a914e63ec2b', 
'cfaa3798-017b-4850-bcd1-f1e03cf68cf0', 
'RowHeightDefault', 
'rowheightdefault', 
10, 
0, 
'true', 
false);
INSERT INTO "mendixsystem$attribute" ("id", 
"entity_id", 
"attribute_name", 
"column_name", 
"type", 
"length", 
"default_value", 
"is_auto_number")
 VALUES ('07943cca-a73a-4775-a275-0b6339a43471', 
'cfaa3798-017b-4850-bcd1-f1e03cf68cf0', 
'FormLayout_GroupBy', 
'formlayout_groupby', 
10, 
0, 
'false', 
false);
INSERT INTO "mendixsystem$attribute" ("id", 
"entity_id", 
"attribute_name", 
"column_name", 
"type", 
"length", 
"default_value", 
"is_auto_number")
 VALUES ('9ab7fe09-eb27-44ec-81cf-c3ce38d3e824', 
'cfaa3798-017b-4850-bcd1-f1e03cf68cf0', 
'Sequence', 
'sequence', 
3, 
0, 
'1', 
false);
INSERT INTO "mendixsystem$attribute" ("id", 
"entity_id", 
"attribute_name", 
"column_name", 
"type", 
"length", 
"default_value", 
"is_auto_number")
 VALUES ('0d2facac-6448-4af3-8aba-519db0a31e82', 
'cfaa3798-017b-4850-bcd1-f1e03cf68cf0', 
'DataUsage', 
'datausage', 
10, 
0, 
'false', 
false);
INSERT INTO "mendixsystem$attribute" ("id", 
"entity_id", 
"attribute_name", 
"column_name", 
"type", 
"length", 
"default_value", 
"is_auto_number")
 VALUES ('266f7d2b-6d39-417f-bc87-4730c6af6008', 
'cfaa3798-017b-4850-bcd1-f1e03cf68cf0', 
'StartRow', 
'startrow', 
3, 
0, 
'1', 
false);
INSERT INTO "mendixsystem$attribute" ("id", 
"entity_id", 
"attribute_name", 
"column_name", 
"type", 
"length", 
"default_value", 
"is_auto_number")
 VALUES ('d79730ef-bb3d-43e1-9531-0ba484b95f6e', 
'cfaa3798-017b-4850-bcd1-f1e03cf68cf0', 
'Name', 
'name', 
30, 
200, 
'', 
false);
INSERT INTO "mendixsystem$attribute" ("id", 
"entity_id", 
"attribute_name", 
"column_name", 
"type", 
"length", 
"default_value", 
"is_auto_number")
 VALUES ('7860d713-7ea6-308b-9cfd-446a65b79034', 
'cfaa3798-017b-4850-bcd1-f1e03cf68cf0', 
'changedDate', 
'changeddate', 
20, 
0, 
'', 
false);
INSERT INTO "mendixsystem$attribute" ("id", 
"entity_id", 
"attribute_name", 
"column_name", 
"type", 
"length", 
"default_value", 
"is_auto_number")
 VALUES ('232825cf-00a4-3099-8f16-35c32402c54c', 
'cfaa3798-017b-4850-bcd1-f1e03cf68cf0', 
'createdDate', 
'createddate', 
20, 
0, 
'', 
false);
INSERT INTO "mendixsystem$attribute" ("id", 
"entity_id", 
"attribute_name", 
"column_name", 
"type", 
"length", 
"default_value", 
"is_auto_number")
 VALUES ('dd0a894c-2250-4007-a44a-e8bdaf05677b', 
'cfaa3798-017b-4850-bcd1-f1e03cf68cf0', 
'ColumnWidthPixels', 
'columnwidthpixels', 
3, 
0, 
'0', 
false);
INSERT INTO "mendixsystem$attribute" ("id", 
"entity_id", 
"attribute_name", 
"column_name", 
"type", 
"length", 
"default_value", 
"is_auto_number")
 VALUES ('1d0afab0-a715-49ab-912c-20d100bed40b', 
'cfaa3798-017b-4850-bcd1-f1e03cf68cf0', 
'RowHeightPoint', 
'rowheightpoint', 
3, 
0, 
'0', 
false);
INSERT INTO "mendixsystem$attribute" ("id", 
"entity_id", 
"attribute_name", 
"column_name", 
"type", 
"length", 
"default_value", 
"is_auto_number")
 VALUES ('7cdafa88-dfc4-47c0-92ac-a1d6891b58c7', 
'cfaa3798-017b-4850-bcd1-f1e03cf68cf0', 
'ColumnWidthDefault', 
'columnwidthdefault', 
10, 
0, 
'true', 
false);
INSERT INTO "mendixsystem$attribute" ("id", 
"entity_id", 
"attribute_name", 
"column_name", 
"type", 
"length", 
"default_value", 
"is_auto_number")
 VALUES ('f84dff98-13a0-4fd0-8f97-a8add9589a28', 
'cfaa3798-017b-4850-bcd1-f1e03cf68cf0', 
'DistinctData', 
'distinctdata', 
10, 
0, 
'false', 
false);
INSERT INTO "mendixsystem$index" ("id", 
"table_id", 
"index_name")
 VALUES ('49d950d9-f180-38e9-8209-8546af261dfd', 
'cfaa3798-017b-4850-bcd1-f1e03cf68cf0', 
'idx_xlsreport$mxsheet_system$changedby');
INSERT INTO "mendixsystem$index_column" ("index_id", 
"column_id", 
"sort_order", 
"ordinal")
 VALUES ('49d950d9-f180-38e9-8209-8546af261dfd', 
'd99042b8-d47e-33ec-8596-583fd6adc8da', 
false, 
0);
INSERT INTO "mendixsystem$index" ("id", 
"table_id", 
"index_name")
 VALUES ('b63d6ce4-50ab-36f0-a45d-b231994bfd5a', 
'cfaa3798-017b-4850-bcd1-f1e03cf68cf0', 
'idx_xlsreport$mxsheet_system$owner');
INSERT INTO "mendixsystem$index_column" ("index_id", 
"column_id", 
"sort_order", 
"ordinal")
 VALUES ('b63d6ce4-50ab-36f0-a45d-b231994bfd5a', 
'df1029ef-b766-3528-9d32-04c466cceebe', 
false, 
0);
INSERT INTO "mendixsystem$association" ("id", 
"association_name", 
"table_name", 
"parent_entity_id", 
"child_entity_id", 
"parent_column_name", 
"child_column_name")
 VALUES ('d99042b8-d47e-33ec-8596-583fd6adc8da', 
'System.changedBy', 
'system$changedby', 
'cfaa3798-017b-4850-bcd1-f1e03cf68cf0', 
'282e2e60-88a5-469d-84a5-ba8d9151644f', 
'id', 
'system$changedby');
INSERT INTO "mendixsystem$association" ("id", 
"association_name", 
"table_name", 
"parent_entity_id", 
"child_entity_id", 
"parent_column_name", 
"child_column_name")
 VALUES ('df1029ef-b766-3528-9d32-04c466cceebe', 
'System.owner', 
'system$owner', 
'cfaa3798-017b-4850-bcd1-f1e03cf68cf0', 
'282e2e60-88a5-469d-84a5-ba8d9151644f', 
'id', 
'system$owner');
CREATE TABLE "xlsreport$mxsheet_rowobject" (
	"xlsreport$mxsheetid" BIGINT NOT NULL,
	"mxmodelreflection$mxobjecttypeid" BIGINT NOT NULL,
	PRIMARY KEY("xlsreport$mxsheetid","mxmodelreflection$mxobjecttypeid"),
	CONSTRAINT "uniq_xlsreport$mxsheet_rowobject_xlsreport$mxsheetid" UNIQUE ("xlsreport$mxsheetid"));
CREATE INDEX "idx_xlsreport$mxsheet_rowobject_mxmodelreflection$mxobjecttype_xlsreport$mxsheet" ON "xlsreport$mxsheet_rowobject" ("mxmodelreflection$mxobjecttypeid" ASC,"xlsreport$mxsheetid" ASC);
INSERT INTO "mendixsystem$association" ("id", 
"association_name", 
"table_name", 
"parent_entity_id", 
"child_entity_id", 
"parent_column_name", 
"child_column_name", 
"index_name")
 VALUES ('c216db48-c296-448f-be3d-cb74de0e3b32', 
'XLSReport.MxSheet_RowObject', 
'xlsreport$mxsheet_rowobject', 
'cfaa3798-017b-4850-bcd1-f1e03cf68cf0', 
'cd410397-fedd-4ffc-b980-44d0dd7a494d', 
'xlsreport$mxsheetid', 
'mxmodelreflection$mxobjecttypeid', 
'idx_xlsreport$mxsheet_rowobject_mxmodelreflection$mxobjecttype_xlsreport$mxsheet');
INSERT INTO "mendixsystem$unique_constraint" ("name", 
"table_id", 
"column_id")
 VALUES ('uniq_xlsreport$mxsheet_rowobject_xlsreport$mxsheetid', 
'c216db48-c296-448f-be3d-cb74de0e3b32', 
'b3aa871a-3e3c-3887-a03f-68fa0c321c36');
CREATE TABLE "xlsreport$mxsheet_defaultstyle" (
	"xlsreport$mxsheetid" BIGINT NOT NULL,
	"xlsreport$mxcellstyleid" BIGINT NOT NULL,
	PRIMARY KEY("xlsreport$mxsheetid","xlsreport$mxcellstyleid"),
	CONSTRAINT "uniq_xlsreport$mxsheet_defaultstyle_xlsreport$mxsheetid" UNIQUE ("xlsreport$mxsheetid"));
CREATE INDEX "idx_xlsreport$mxsheet_defaultstyle_xlsreport$mxcellstyle_xlsreport$mxsheet" ON "xlsreport$mxsheet_defaultstyle" ("xlsreport$mxcellstyleid" ASC,"xlsreport$mxsheetid" ASC);
INSERT INTO "mendixsystem$association" ("id", 
"association_name", 
"table_name", 
"parent_entity_id", 
"child_entity_id", 
"parent_column_name", 
"child_column_name", 
"index_name")
 VALUES ('8f0ef01d-d1a7-4a6b-a6b6-2f67121a7b65', 
'XLSReport.MxSheet_DefaultStyle', 
'xlsreport$mxsheet_defaultstyle', 
'cfaa3798-017b-4850-bcd1-f1e03cf68cf0', 
'52186d56-418d-448d-a1d5-d61572cc4711', 
'xlsreport$mxsheetid', 
'xlsreport$mxcellstyleid', 
'idx_xlsreport$mxsheet_defaultstyle_xlsreport$mxcellstyle_xlsreport$mxsheet');
INSERT INTO "mendixsystem$unique_constraint" ("name", 
"table_id", 
"column_id")
 VALUES ('uniq_xlsreport$mxsheet_defaultstyle_xlsreport$mxsheetid', 
'8f0ef01d-d1a7-4a6b-a6b6-2f67121a7b65', 
'52fba9c1-2d79-35e4-b278-c30544eb0021');
CREATE TABLE "xlsreport$mxsheet_mxobjectreference" (
	"xlsreport$mxsheetid" BIGINT NOT NULL,
	"mxmodelreflection$mxobjectreferenceid" BIGINT NOT NULL,
	PRIMARY KEY("xlsreport$mxsheetid","mxmodelreflection$mxobjectreferenceid"),
	CONSTRAINT "uniq_xlsreport$mxsheet_mxobjectreference_xlsreport$mxsheetid" UNIQUE ("xlsreport$mxsheetid"));
CREATE INDEX "idx_xlsreport$mxsheet_mxobjectreference_mxmodelreflection$mxobjectreference_xlsreport$mxsheet" ON "xlsreport$mxsheet_mxobjectreference" ("mxmodelreflection$mxobjectreferenceid" ASC,"xlsreport$mxsheetid" ASC);
INSERT INTO "mendixsystem$association" ("id", 
"association_name", 
"table_name", 
"parent_entity_id", 
"child_entity_id", 
"parent_column_name", 
"child_column_name", 
"index_name")
 VALUES ('f6c4c499-39ec-43c1-9e91-d6efeb850a0e', 
'XLSReport.MxSheet_MxObjectReference', 
'xlsreport$mxsheet_mxobjectreference', 
'cfaa3798-017b-4850-bcd1-f1e03cf68cf0', 
'cd548bf7-468b-4a7b-9070-322c5a08b666', 
'xlsreport$mxsheetid', 
'mxmodelreflection$mxobjectreferenceid', 
'idx_xlsreport$mxsheet_mxobjectreference_mxmodelreflection$mxobjectreference_xlsreport$mxsheet');
INSERT INTO "mendixsystem$unique_constraint" ("name", 
"table_id", 
"column_id")
 VALUES ('uniq_xlsreport$mxsheet_mxobjectreference_xlsreport$mxsheetid', 
'f6c4c499-39ec-43c1-9e91-d6efeb850a0e', 
'b6df53ab-5572-3a27-91bf-bdeeb2800c99');
CREATE TABLE "xlsreport$mxsheet_headerstyle" (
	"xlsreport$mxsheetid" BIGINT NOT NULL,
	"xlsreport$mxcellstyleid" BIGINT NOT NULL,
	PRIMARY KEY("xlsreport$mxsheetid","xlsreport$mxcellstyleid"),
	CONSTRAINT "uniq_xlsreport$mxsheet_headerstyle_xlsreport$mxsheetid" UNIQUE ("xlsreport$mxsheetid"));
CREATE INDEX "idx_xlsreport$mxsheet_headerstyle_xlsreport$mxcellstyle_xlsreport$mxsheet" ON "xlsreport$mxsheet_headerstyle" ("xlsreport$mxcellstyleid" ASC,"xlsreport$mxsheetid" ASC);
INSERT INTO "mendixsystem$association" ("id", 
"association_name", 
"table_name", 
"parent_entity_id", 
"child_entity_id", 
"parent_column_name", 
"child_column_name", 
"index_name")
 VALUES ('1738a2f7-00e2-4f96-8f59-1556d48a139b', 
'XLSReport.MxSheet_HeaderStyle', 
'xlsreport$mxsheet_headerstyle', 
'cfaa3798-017b-4850-bcd1-f1e03cf68cf0', 
'52186d56-418d-448d-a1d5-d61572cc4711', 
'xlsreport$mxsheetid', 
'xlsreport$mxcellstyleid', 
'idx_xlsreport$mxsheet_headerstyle_xlsreport$mxcellstyle_xlsreport$mxsheet');
INSERT INTO "mendixsystem$unique_constraint" ("name", 
"table_id", 
"column_id")
 VALUES ('uniq_xlsreport$mxsheet_headerstyle_xlsreport$mxsheetid', 
'1738a2f7-00e2-4f96-8f59-1556d48a139b', 
'c13e8e95-40b1-38db-bc28-704dc21ff243');
CREATE TABLE "xlsreport$mxsheet_template" (
	"xlsreport$mxsheetid" BIGINT NOT NULL,
	"xlsreport$mxtemplateid" BIGINT NOT NULL,
	PRIMARY KEY("xlsreport$mxsheetid","xlsreport$mxtemplateid"),
	CONSTRAINT "uniq_xlsreport$mxsheet_template_xlsreport$mxsheetid" UNIQUE ("xlsreport$mxsheetid"));
CREATE INDEX "idx_xlsreport$mxsheet_template_xlsreport$mxtemplate_xlsreport$mxsheet" ON "xlsreport$mxsheet_template" ("xlsreport$mxtemplateid" ASC,"xlsreport$mxsheetid" ASC);
INSERT INTO "mendixsystem$association" ("id", 
"association_name", 
"table_name", 
"parent_entity_id", 
"child_entity_id", 
"parent_column_name", 
"child_column_name", 
"index_name")
 VALUES ('60b23753-f332-4af2-906f-a2e1c8729653', 
'XLSReport.MxSheet_Template', 
'xlsreport$mxsheet_template', 
'cfaa3798-017b-4850-bcd1-f1e03cf68cf0', 
'55e7d806-ce0b-44b6-a7e9-6155960bb0a7', 
'xlsreport$mxsheetid', 
'xlsreport$mxtemplateid', 
'idx_xlsreport$mxsheet_template_xlsreport$mxtemplate_xlsreport$mxsheet');
INSERT INTO "mendixsystem$unique_constraint" ("name", 
"table_id", 
"column_id")
 VALUES ('uniq_xlsreport$mxsheet_template_xlsreport$mxsheetid', 
'60b23753-f332-4af2-906f-a2e1c8729653', 
'aa5309cd-e4bb-3091-897d-6d0a66ab9ed4');
CREATE TABLE "xlsreport$mxcolumnsettings" (
	"id" BIGINT NOT NULL,
	"changeddate" TIMESTAMP NULL,
	"columnwidth" INT NULL,
	"columnindex" INT NULL,
	"createddate" TIMESTAMP NULL,
	"autosize" BOOLEAN NULL,
	"system$owner" BIGINT NULL,
	"system$changedby" BIGINT NULL,
	PRIMARY KEY("id"));
CREATE INDEX "idx_xlsreport$mxcolumnsettings_system$owner" ON "xlsreport$mxcolumnsettings" ("system$owner" ASC,"id" ASC);
CREATE INDEX "idx_xlsreport$mxcolumnsettings_system$changedby" ON "xlsreport$mxcolumnsettings" ("system$changedby" ASC,"id" ASC);
INSERT INTO "mendixsystem$entity" ("id", 
"entity_name", 
"table_name")
 VALUES ('e4b78b8b-6d35-42fc-a9ca-c2acadc45ff9', 
'XLSReport.MxColumnSettings', 
'xlsreport$mxcolumnsettings');
INSERT INTO "mendixsystem$attribute" ("id", 
"entity_id", 
"attribute_name", 
"column_name", 
"type", 
"length", 
"default_value", 
"is_auto_number")
 VALUES ('b5dee4a9-affe-391c-98ca-5e433a173e90', 
'e4b78b8b-6d35-42fc-a9ca-c2acadc45ff9', 
'changedDate', 
'changeddate', 
20, 
0, 
'', 
false);
INSERT INTO "mendixsystem$attribute" ("id", 
"entity_id", 
"attribute_name", 
"column_name", 
"type", 
"length", 
"default_value", 
"is_auto_number")
 VALUES ('ef84cd60-991c-4eb1-b157-0b4912f69694', 
'e4b78b8b-6d35-42fc-a9ca-c2acadc45ff9', 
'ColumnWidth', 
'columnwidth', 
3, 
0, 
'0', 
false);
INSERT INTO "mendixsystem$attribute" ("id", 
"entity_id", 
"attribute_name", 
"column_name", 
"type", 
"length", 
"default_value", 
"is_auto_number")
 VALUES ('04f961ae-09ef-41ee-8ba2-bd3b16d3a44e', 
'e4b78b8b-6d35-42fc-a9ca-c2acadc45ff9', 
'ColumnIndex', 
'columnindex', 
3, 
0, 
'0', 
false);
INSERT INTO "mendixsystem$attribute" ("id", 
"entity_id", 
"attribute_name", 
"column_name", 
"type", 
"length", 
"default_value", 
"is_auto_number")
 VALUES ('1575c854-dc36-390a-8323-4c9d7a516d6a', 
'e4b78b8b-6d35-42fc-a9ca-c2acadc45ff9', 
'createdDate', 
'createddate', 
20, 
0, 
'', 
false);
INSERT INTO "mendixsystem$attribute" ("id", 
"entity_id", 
"attribute_name", 
"column_name", 
"type", 
"length", 
"default_value", 
"is_auto_number")
 VALUES ('f120792d-b8fe-4774-a6dc-6c08c99a3321', 
'e4b78b8b-6d35-42fc-a9ca-c2acadc45ff9', 
'AutoSize', 
'autosize', 
10, 
0, 
'false', 
false);
INSERT INTO "mendixsystem$index" ("id", 
"table_id", 
"index_name")
 VALUES ('48bc57b3-7f30-37e1-acfe-6bdefee42ab5', 
'e4b78b8b-6d35-42fc-a9ca-c2acadc45ff9', 
'idx_xlsreport$mxcolumnsettings_system$owner');
INSERT INTO "mendixsystem$index_column" ("index_id", 
"column_id", 
"sort_order", 
"ordinal")
 VALUES ('48bc57b3-7f30-37e1-acfe-6bdefee42ab5', 
'56a4f801-f054-3548-947d-fedf4018785f', 
false, 
0);
INSERT INTO "mendixsystem$index" ("id", 
"table_id", 
"index_name")
 VALUES ('e380cf56-f46f-3891-b822-8960a53256f3', 
'e4b78b8b-6d35-42fc-a9ca-c2acadc45ff9', 
'idx_xlsreport$mxcolumnsettings_system$changedby');
INSERT INTO "mendixsystem$index_column" ("index_id", 
"column_id", 
"sort_order", 
"ordinal")
 VALUES ('e380cf56-f46f-3891-b822-8960a53256f3', 
'a967941e-8220-3e41-9b79-5130f1d21e78', 
false, 
0);
INSERT INTO "mendixsystem$association" ("id", 
"association_name", 
"table_name", 
"parent_entity_id", 
"child_entity_id", 
"parent_column_name", 
"child_column_name")
 VALUES ('56a4f801-f054-3548-947d-fedf4018785f', 
'System.owner', 
'system$owner', 
'e4b78b8b-6d35-42fc-a9ca-c2acadc45ff9', 
'282e2e60-88a5-469d-84a5-ba8d9151644f', 
'id', 
'system$owner');
INSERT INTO "mendixsystem$association" ("id", 
"association_name", 
"table_name", 
"parent_entity_id", 
"child_entity_id", 
"parent_column_name", 
"child_column_name")
 VALUES ('a967941e-8220-3e41-9b79-5130f1d21e78', 
'System.changedBy', 
'system$changedby', 
'e4b78b8b-6d35-42fc-a9ca-c2acadc45ff9', 
'282e2e60-88a5-469d-84a5-ba8d9151644f', 
'id', 
'system$changedby');
CREATE TABLE "xlsreport$columnsettings_mxsheet" (
	"xlsreport$mxcolumnsettingsid" BIGINT NOT NULL,
	"xlsreport$mxsheetid" BIGINT NOT NULL,
	PRIMARY KEY("xlsreport$mxcolumnsettingsid","xlsreport$mxsheetid"),
	CONSTRAINT "uniq_xlsreport$columnsettings_mxsheet_xlsreport$mxcolumnsettingsid" UNIQUE ("xlsreport$mxcolumnsettingsid"));
CREATE INDEX "idx_xlsreport$columnsettings_mxsheet_xlsreport$mxsheet_xlsreport$mxcolumnsettings" ON "xlsreport$columnsettings_mxsheet" ("xlsreport$mxsheetid" ASC,"xlsreport$mxcolumnsettingsid" ASC);
INSERT INTO "mendixsystem$association" ("id", 
"association_name", 
"table_name", 
"parent_entity_id", 
"child_entity_id", 
"parent_column_name", 
"child_column_name", 
"index_name")
 VALUES ('88ecf267-9a90-4319-834a-19c143ae405e', 
'XLSReport.ColumnSettings_MxSheet', 
'xlsreport$columnsettings_mxsheet', 
'e4b78b8b-6d35-42fc-a9ca-c2acadc45ff9', 
'cfaa3798-017b-4850-bcd1-f1e03cf68cf0', 
'xlsreport$mxcolumnsettingsid', 
'xlsreport$mxsheetid', 
'idx_xlsreport$columnsettings_mxsheet_xlsreport$mxsheet_xlsreport$mxcolumnsettings');
INSERT INTO "mendixsystem$unique_constraint" ("name", 
"table_id", 
"column_id")
 VALUES ('uniq_xlsreport$columnsettings_mxsheet_xlsreport$mxcolumnsettingsid', 
'88ecf267-9a90-4319-834a-19c143ae405e', 
'84d54a42-7b9c-3060-86d4-d2f0aa0450ac');
CREATE TABLE "xlsreport$mxconstraint" (
	"id" BIGINT NOT NULL,
	"constraintnumber" BIGINT NULL,
	"constraintfloat" DOUBLE NULL,
	"attribute" VARCHAR_IGNORECASE(200) NULL,
	"constraint" VARCHAR_IGNORECASE(12) NULL,
	"attributetype" VARCHAR_IGNORECASE(7) NULL,
	"constrainttext" VARCHAR_IGNORECASE(50) NULL,
	"constraintdatetime" VARCHAR_IGNORECASE(6) NULL,
	"constraintboolean" BOOLEAN NULL,
	"summary" VARCHAR_IGNORECASE(200) NULL,
	"sequence" INT NULL,
	"andor" VARCHAR_IGNORECASE(3) NULL,
	PRIMARY KEY("id"));
INSERT INTO "mendixsystem$entity" ("id", 
"entity_name", 
"table_name")
 VALUES ('ecfd522c-f3d2-4d38-8921-e9200276dec6', 
'XLSReport.MxConstraint', 
'xlsreport$mxconstraint');
INSERT INTO "mendixsystem$attribute" ("id", 
"entity_id", 
"attribute_name", 
"column_name", 
"type", 
"length", 
"default_value", 
"is_auto_number")
 VALUES ('1d2ecc19-de32-48d8-b93d-5e48e35979d4', 
'ecfd522c-f3d2-4d38-8921-e9200276dec6', 
'ConstraintNumber', 
'constraintnumber', 
4, 
0, 
'0', 
false);
INSERT INTO "mendixsystem$attribute" ("id", 
"entity_id", 
"attribute_name", 
"column_name", 
"type", 
"length", 
"default_value", 
"is_auto_number")
 VALUES ('a70586ab-f3f6-419f-9f47-d3fe7bbc9e48', 
'ecfd522c-f3d2-4d38-8921-e9200276dec6', 
'ConstraintFloat', 
'constraintfloat', 
2, 
0, 
'0.0', 
false);
INSERT INTO "mendixsystem$attribute" ("id", 
"entity_id", 
"attribute_name", 
"column_name", 
"type", 
"length", 
"default_value", 
"is_auto_number")
 VALUES ('fe45fee6-8e8f-4c0e-9848-0348cc7935c3', 
'ecfd522c-f3d2-4d38-8921-e9200276dec6', 
'Attribute', 
'attribute', 
30, 
200, 
'', 
false);
INSERT INTO "mendixsystem$attribute" ("id", 
"entity_id", 
"attribute_name", 
"column_name", 
"type", 
"length", 
"default_value", 
"is_auto_number")
 VALUES ('0a1c6ff7-2352-4804-a19b-fd910988f146', 
'ecfd522c-f3d2-4d38-8921-e9200276dec6', 
'Constraint', 
'constraint', 
40, 
12, 
'', 
false);
INSERT INTO "mendixsystem$attribute" ("id", 
"entity_id", 
"attribute_name", 
"column_name", 
"type", 
"length", 
"default_value", 
"is_auto_number")
 VALUES ('42f96427-22f3-4a18-87cd-d445915aea7f', 
'ecfd522c-f3d2-4d38-8921-e9200276dec6', 
'AttributeType', 
'attributetype', 
40, 
7, 
'', 
false);
INSERT INTO "mendixsystem$attribute" ("id", 
"entity_id", 
"attribute_name", 
"column_name", 
"type", 
"length", 
"default_value", 
"is_auto_number")
 VALUES ('9d203e52-b603-481f-9a7a-ee12406e7996', 
'ecfd522c-f3d2-4d38-8921-e9200276dec6', 
'ConstraintText', 
'constrainttext', 
30, 
50, 
'', 
false);
INSERT INTO "mendixsystem$attribute" ("id", 
"entity_id", 
"attribute_name", 
"column_name", 
"type", 
"length", 
"default_value", 
"is_auto_number")
 VALUES ('5e3e3988-dba9-42c3-bdf0-ed127f992c4d', 
'ecfd522c-f3d2-4d38-8921-e9200276dec6', 
'ConstraintDateTime', 
'constraintdatetime', 
40, 
6, 
'', 
false);
INSERT INTO "mendixsystem$attribute" ("id", 
"entity_id", 
"attribute_name", 
"column_name", 
"type", 
"length", 
"default_value", 
"is_auto_number")
 VALUES ('497e81b3-f34e-40fe-800a-99e84d6abda4', 
'ecfd522c-f3d2-4d38-8921-e9200276dec6', 
'ConstraintBoolean', 
'constraintboolean', 
10, 
0, 
'false', 
false);
INSERT INTO "mendixsystem$attribute" ("id", 
"entity_id", 
"attribute_name", 
"column_name", 
"type", 
"length", 
"default_value", 
"is_auto_number")
 VALUES ('bd356540-ff94-446f-bf8e-5a0745e1650f', 
'ecfd522c-f3d2-4d38-8921-e9200276dec6', 
'Summary', 
'summary', 
30, 
200, 
'', 
false);
INSERT INTO "mendixsystem$attribute" ("id", 
"entity_id", 
"attribute_name", 
"column_name", 
"type", 
"length", 
"default_value", 
"is_auto_number")
 VALUES ('2cdf2db0-de50-411a-bda0-aa6e6944b3f9', 
'ecfd522c-f3d2-4d38-8921-e9200276dec6', 
'Sequence', 
'sequence', 
3, 
0, 
'0', 
false);
INSERT INTO "mendixsystem$attribute" ("id", 
"entity_id", 
"attribute_name", 
"column_name", 
"type", 
"length", 
"default_value", 
"is_auto_number")
 VALUES ('7313aa77-cf1c-4cfa-83c6-081aa2d3b778', 
'ecfd522c-f3d2-4d38-8921-e9200276dec6', 
'AndOr', 
'andor', 
40, 
3, 
'AND', 
false);
CREATE TABLE "xlsreport$mxconstraint_mxxpath" (
	"xlsreport$mxconstraintid" BIGINT NOT NULL,
	"xlsreport$mxxpathid" BIGINT NOT NULL,
	PRIMARY KEY("xlsreport$mxconstraintid","xlsreport$mxxpathid"),
	CONSTRAINT "uniq_xlsreport$mxconstraint_mxxpath_xlsreport$mxxpathid" UNIQUE ("xlsreport$mxxpathid"),
	CONSTRAINT "uniq_xlsreport$mxconstraint_mxxpath_xlsreport$mxconstraintid" UNIQUE ("xlsreport$mxconstraintid"));
CREATE INDEX "idx_xlsreport$mxconstraint_mxxpath_xlsreport$mxxpath_xlsreport$mxconstraint" ON "xlsreport$mxconstraint_mxxpath" ("xlsreport$mxxpathid" ASC,"xlsreport$mxconstraintid" ASC);
INSERT INTO "mendixsystem$association" ("id", 
"association_name", 
"table_name", 
"parent_entity_id", 
"child_entity_id", 
"parent_column_name", 
"child_column_name", 
"index_name")
 VALUES ('6fde4824-dcb1-4cb7-87a5-16f15afa06fd', 
'XLSReport.MxConstraint_MxXPath', 
'xlsreport$mxconstraint_mxxpath', 
'ecfd522c-f3d2-4d38-8921-e9200276dec6', 
'bfa4ee74-336c-4fcb-bbac-96debde4f869', 
'xlsreport$mxconstraintid', 
'xlsreport$mxxpathid', 
'idx_xlsreport$mxconstraint_mxxpath_xlsreport$mxxpath_xlsreport$mxconstraint');
INSERT INTO "mendixsystem$unique_constraint" ("name", 
"table_id", 
"column_id")
 VALUES ('uniq_xlsreport$mxconstraint_mxxpath_xlsreport$mxxpathid', 
'6fde4824-dcb1-4cb7-87a5-16f15afa06fd', 
'c49058a7-16be-3c5e-b1ea-94f0fe66c3e2');
INSERT INTO "mendixsystem$unique_constraint" ("name", 
"table_id", 
"column_id")
 VALUES ('uniq_xlsreport$mxconstraint_mxxpath_xlsreport$mxconstraintid', 
'6fde4824-dcb1-4cb7-87a5-16f15afa06fd', 
'9ddcebe8-fae2-3be3-99c6-51aab6cb32af');
CREATE TABLE "xlsreport$mxconstraint_mxsheet" (
	"xlsreport$mxconstraintid" BIGINT NOT NULL,
	"xlsreport$mxsheetid" BIGINT NOT NULL,
	PRIMARY KEY("xlsreport$mxconstraintid","xlsreport$mxsheetid"),
	CONSTRAINT "uniq_xlsreport$mxconstraint_mxsheet_xlsreport$mxconstraintid" UNIQUE ("xlsreport$mxconstraintid"));
CREATE INDEX "idx_xlsreport$mxconstraint_mxsheet_xlsreport$mxsheet_xlsreport$mxconstraint" ON "xlsreport$mxconstraint_mxsheet" ("xlsreport$mxsheetid" ASC,"xlsreport$mxconstraintid" ASC);
INSERT INTO "mendixsystem$association" ("id", 
"association_name", 
"table_name", 
"parent_entity_id", 
"child_entity_id", 
"parent_column_name", 
"child_column_name", 
"index_name")
 VALUES ('9eeb5b03-7af6-4f42-a3dd-b25f19d4b14c', 
'XLSReport.MxConstraint_MxSheet', 
'xlsreport$mxconstraint_mxsheet', 
'ecfd522c-f3d2-4d38-8921-e9200276dec6', 
'cfaa3798-017b-4850-bcd1-f1e03cf68cf0', 
'xlsreport$mxconstraintid', 
'xlsreport$mxsheetid', 
'idx_xlsreport$mxconstraint_mxsheet_xlsreport$mxsheet_xlsreport$mxconstraint');
INSERT INTO "mendixsystem$unique_constraint" ("name", 
"table_id", 
"column_id")
 VALUES ('uniq_xlsreport$mxconstraint_mxsheet_xlsreport$mxconstraintid', 
'9eeb5b03-7af6-4f42-a3dd-b25f19d4b14c', 
'e0edf7db-2d1c-3c9e-af87-e6cb80eecb7a');
CREATE TABLE "xlsreport$mxsorting" (
	"id" BIGINT NOT NULL,
	"changeddate" TIMESTAMP NULL,
	"createddate" TIMESTAMP NULL,
	"attribute" VARCHAR_IGNORECASE(200) NULL,
	"summary" VARCHAR_IGNORECASE(200) NULL,
	"sortingdirection" VARCHAR_IGNORECASE(4) NULL,
	"sequence" INT NULL,
	"system$owner" BIGINT NULL,
	"system$changedby" BIGINT NULL,
	PRIMARY KEY("id"));
CREATE INDEX "idx_xlsreport$mxsorting_system$owner" ON "xlsreport$mxsorting" ("system$owner" ASC,"id" ASC);
CREATE INDEX "idx_xlsreport$mxsorting_system$changedby" ON "xlsreport$mxsorting" ("system$changedby" ASC,"id" ASC);
INSERT INTO "mendixsystem$entity" ("id", 
"entity_name", 
"table_name")
 VALUES ('ccf30b0e-1d73-480c-8c7d-84bef6ea0e68', 
'XLSReport.MxSorting', 
'xlsreport$mxsorting');
INSERT INTO "mendixsystem$attribute" ("id", 
"entity_id", 
"attribute_name", 
"column_name", 
"type", 
"length", 
"default_value", 
"is_auto_number")
 VALUES ('3caa1d12-f472-31b6-86a1-081dd3ffd3a0', 
'ccf30b0e-1d73-480c-8c7d-84bef6ea0e68', 
'changedDate', 
'changeddate', 
20, 
0, 
'', 
false);
INSERT INTO "mendixsystem$attribute" ("id", 
"entity_id", 
"attribute_name", 
"column_name", 
"type", 
"length", 
"default_value", 
"is_auto_number")
 VALUES ('73b5ee47-e2c5-36a6-aee6-144cef72aa5e', 
'ccf30b0e-1d73-480c-8c7d-84bef6ea0e68', 
'createdDate', 
'createddate', 
20, 
0, 
'', 
false);
INSERT INTO "mendixsystem$attribute" ("id", 
"entity_id", 
"attribute_name", 
"column_name", 
"type", 
"length", 
"default_value", 
"is_auto_number")
 VALUES ('ac212795-4a00-498b-bae0-283526d1991c', 
'ccf30b0e-1d73-480c-8c7d-84bef6ea0e68', 
'Attribute', 
'attribute', 
30, 
200, 
'', 
false);
INSERT INTO "mendixsystem$attribute" ("id", 
"entity_id", 
"attribute_name", 
"column_name", 
"type", 
"length", 
"default_value", 
"is_auto_number")
 VALUES ('efd9ba05-c868-498c-8a6a-bc7d225e3c6d', 
'ccf30b0e-1d73-480c-8c7d-84bef6ea0e68', 
'Summary', 
'summary', 
30, 
200, 
'', 
false);
INSERT INTO "mendixsystem$attribute" ("id", 
"entity_id", 
"attribute_name", 
"column_name", 
"type", 
"length", 
"default_value", 
"is_auto_number")
 VALUES ('7bce26cb-ac7f-4e50-889b-77ff407fe03a', 
'ccf30b0e-1d73-480c-8c7d-84bef6ea0e68', 
'SortingDirection', 
'sortingdirection', 
40, 
4, 
'Asc', 
false);
INSERT INTO "mendixsystem$attribute" ("id", 
"entity_id", 
"attribute_name", 
"column_name", 
"type", 
"length", 
"default_value", 
"is_auto_number")
 VALUES ('555cd39b-94b6-4289-b05e-830b7f4dd429', 
'ccf30b0e-1d73-480c-8c7d-84bef6ea0e68', 
'Sequence', 
'sequence', 
3, 
0, 
'0', 
false);
INSERT INTO "mendixsystem$index" ("id", 
"table_id", 
"index_name")
 VALUES ('e491c1ef-99d2-30bd-825a-96d4a5666cc7', 
'ccf30b0e-1d73-480c-8c7d-84bef6ea0e68', 
'idx_xlsreport$mxsorting_system$owner');
INSERT INTO "mendixsystem$index_column" ("index_id", 
"column_id", 
"sort_order", 
"ordinal")
 VALUES ('e491c1ef-99d2-30bd-825a-96d4a5666cc7', 
'50a75bd0-53a9-3624-a75e-732809074c4e', 
false, 
0);
INSERT INTO "mendixsystem$index" ("id", 
"table_id", 
"index_name")
 VALUES ('dedb8514-e6d0-3f6c-a198-501fa78966dc', 
'ccf30b0e-1d73-480c-8c7d-84bef6ea0e68', 
'idx_xlsreport$mxsorting_system$changedby');
INSERT INTO "mendixsystem$index_column" ("index_id", 
"column_id", 
"sort_order", 
"ordinal")
 VALUES ('dedb8514-e6d0-3f6c-a198-501fa78966dc', 
'5b5a5fb1-5c66-386d-81ad-ca9c395e10be', 
false, 
0);
INSERT INTO "mendixsystem$association" ("id", 
"association_name", 
"table_name", 
"parent_entity_id", 
"child_entity_id", 
"parent_column_name", 
"child_column_name")
 VALUES ('50a75bd0-53a9-3624-a75e-732809074c4e', 
'System.owner', 
'system$owner', 
'ccf30b0e-1d73-480c-8c7d-84bef6ea0e68', 
'282e2e60-88a5-469d-84a5-ba8d9151644f', 
'id', 
'system$owner');
INSERT INTO "mendixsystem$association" ("id", 
"association_name", 
"table_name", 
"parent_entity_id", 
"child_entity_id", 
"parent_column_name", 
"child_column_name")
 VALUES ('5b5a5fb1-5c66-386d-81ad-ca9c395e10be', 
'System.changedBy', 
'system$changedby', 
'ccf30b0e-1d73-480c-8c7d-84bef6ea0e68', 
'282e2e60-88a5-469d-84a5-ba8d9151644f', 
'id', 
'system$changedby');
CREATE TABLE "xlsreport$mxsorting_mxsheet" (
	"xlsreport$mxsortingid" BIGINT NOT NULL,
	"xlsreport$mxsheetid" BIGINT NOT NULL,
	PRIMARY KEY("xlsreport$mxsortingid","xlsreport$mxsheetid"),
	CONSTRAINT "uniq_xlsreport$mxsorting_mxsheet_xlsreport$mxsortingid" UNIQUE ("xlsreport$mxsortingid"));
CREATE INDEX "idx_xlsreport$mxsorting_mxsheet_xlsreport$mxsheet_xlsreport$mxsorting" ON "xlsreport$mxsorting_mxsheet" ("xlsreport$mxsheetid" ASC,"xlsreport$mxsortingid" ASC);
INSERT INTO "mendixsystem$association" ("id", 
"association_name", 
"table_name", 
"parent_entity_id", 
"child_entity_id", 
"parent_column_name", 
"child_column_name", 
"index_name")
 VALUES ('9c8dbdf8-9eb0-4eda-bb56-0fb4a0252b92', 
'XLSReport.MxSorting_MxSheet', 
'xlsreport$mxsorting_mxsheet', 
'ccf30b0e-1d73-480c-8c7d-84bef6ea0e68', 
'cfaa3798-017b-4850-bcd1-f1e03cf68cf0', 
'xlsreport$mxsortingid', 
'xlsreport$mxsheetid', 
'idx_xlsreport$mxsorting_mxsheet_xlsreport$mxsheet_xlsreport$mxsorting');
INSERT INTO "mendixsystem$unique_constraint" ("name", 
"table_id", 
"column_id")
 VALUES ('uniq_xlsreport$mxsorting_mxsheet_xlsreport$mxsortingid', 
'9c8dbdf8-9eb0-4eda-bb56-0fb4a0252b92', 
'f5c272ba-68ac-3de5-99aa-0b96f814b6ea');
CREATE TABLE "xlsreport$mxsorting_mxxpath" (
	"xlsreport$mxsortingid" BIGINT NOT NULL,
	"xlsreport$mxxpathid" BIGINT NOT NULL,
	PRIMARY KEY("xlsreport$mxsortingid","xlsreport$mxxpathid"),
	CONSTRAINT "uniq_xlsreport$mxsorting_mxxpath_xlsreport$mxxpathid" UNIQUE ("xlsreport$mxxpathid"),
	CONSTRAINT "uniq_xlsreport$mxsorting_mxxpath_xlsreport$mxsortingid" UNIQUE ("xlsreport$mxsortingid"));
CREATE INDEX "idx_xlsreport$mxsorting_mxxpath_xlsreport$mxxpath_xlsreport$mxsorting" ON "xlsreport$mxsorting_mxxpath" ("xlsreport$mxxpathid" ASC,"xlsreport$mxsortingid" ASC);
INSERT INTO "mendixsystem$association" ("id", 
"association_name", 
"table_name", 
"parent_entity_id", 
"child_entity_id", 
"parent_column_name", 
"child_column_name", 
"index_name")
 VALUES ('7bf09844-f674-44f3-b05a-8a0bf289faf5', 
'XLSReport.MxSorting_MxXPath', 
'xlsreport$mxsorting_mxxpath', 
'ccf30b0e-1d73-480c-8c7d-84bef6ea0e68', 
'bfa4ee74-336c-4fcb-bbac-96debde4f869', 
'xlsreport$mxsortingid', 
'xlsreport$mxxpathid', 
'idx_xlsreport$mxsorting_mxxpath_xlsreport$mxxpath_xlsreport$mxsorting');
INSERT INTO "mendixsystem$unique_constraint" ("name", 
"table_id", 
"column_id")
 VALUES ('uniq_xlsreport$mxsorting_mxxpath_xlsreport$mxxpathid', 
'7bf09844-f674-44f3-b05a-8a0bf289faf5', 
'91457ec8-e796-3400-9341-19d948a18454');
INSERT INTO "mendixsystem$unique_constraint" ("name", 
"table_id", 
"column_id")
 VALUES ('uniq_xlsreport$mxsorting_mxxpath_xlsreport$mxsortingid', 
'7bf09844-f674-44f3-b05a-8a0bf289faf5', 
'9891e24b-feed-35bf-9a1d-339a2e02f727');
CREATE TABLE "xlsreport$mxdata" (
	"id" BIGINT NOT NULL,
	"status" VARCHAR_IGNORECASE(3) NULL,
	"changeddate" TIMESTAMP NULL,
	"createddate" TIMESTAMP NULL,
	"name" VARCHAR_IGNORECASE(200) NULL,
	"submetaobjectname" VARCHAR_IGNORECASE(255) NULL,
	"system$changedby" BIGINT NULL,
	"system$owner" BIGINT NULL,
	PRIMARY KEY("id"));
CREATE INDEX "idx_xlsreport$mxdata_submetaobjectname" ON "xlsreport$mxdata" ("submetaobjectname" ASC,"id" ASC);
CREATE INDEX "idx_xlsreport$mxdata_system$changedby" ON "xlsreport$mxdata" ("system$changedby" ASC,"id" ASC);
CREATE INDEX "idx_xlsreport$mxdata_system$owner" ON "xlsreport$mxdata" ("system$owner" ASC,"id" ASC);
INSERT INTO "mendixsystem$entity" ("id", 
"entity_name", 
"table_name")
 VALUES ('85f75741-ac6b-4f8c-af83-cc2ff8a1d677', 
'XLSReport.MxData', 
'xlsreport$mxdata');
INSERT INTO "mendixsystem$attribute" ("id", 
"entity_id", 
"attribute_name", 
"column_name", 
"type", 
"length", 
"default_value", 
"is_auto_number")
 VALUES ('008f3272-2ac0-4fcc-9687-d952557ce8ef', 
'85f75741-ac6b-4f8c-af83-cc2ff8a1d677', 
'Status', 
'status', 
40, 
3, 
'No', 
false);
INSERT INTO "mendixsystem$attribute" ("id", 
"entity_id", 
"attribute_name", 
"column_name", 
"type", 
"length", 
"default_value", 
"is_auto_number")
 VALUES ('90a2aeae-90fe-3564-ae80-4426cdbe6695', 
'85f75741-ac6b-4f8c-af83-cc2ff8a1d677', 
'changedDate', 
'changeddate', 
20, 
0, 
'', 
false);
INSERT INTO "mendixsystem$attribute" ("id", 
"entity_id", 
"attribute_name", 
"column_name", 
"type", 
"length", 
"default_value", 
"is_auto_number")
 VALUES ('dba2cd7d-5b9b-3881-84c2-d915f86421cd', 
'85f75741-ac6b-4f8c-af83-cc2ff8a1d677', 
'createdDate', 
'createddate', 
20, 
0, 
'', 
false);
INSERT INTO "mendixsystem$attribute" ("id", 
"entity_id", 
"attribute_name", 
"column_name", 
"type", 
"length", 
"default_value", 
"is_auto_number")
 VALUES ('a0dd45b3-9501-4688-aa9b-a6f5eb03cd4e', 
'85f75741-ac6b-4f8c-af83-cc2ff8a1d677', 
'Name', 
'name', 
30, 
200, 
'', 
false);
INSERT INTO "mendixsystem$attribute" ("id", 
"entity_id", 
"attribute_name", 
"column_name", 
"type", 
"length", 
"default_value", 
"is_auto_number")
 VALUES ('d57e93e2-ea52-368e-9357-6b40ec15750a', 
'85f75741-ac6b-4f8c-af83-cc2ff8a1d677', 
'submetaobjectname', 
'submetaobjectname', 
30, 
255, 
'XLSReport.MxData', 
false);
INSERT INTO "mendixsystem$index" ("id", 
"table_id", 
"index_name")
 VALUES ('31256876-7eb5-3756-addb-918839b5dd0c', 
'85f75741-ac6b-4f8c-af83-cc2ff8a1d677', 
'idx_xlsreport$mxdata_submetaobjectname');
INSERT INTO "mendixsystem$index_column" ("index_id", 
"column_id", 
"sort_order", 
"ordinal")
 VALUES ('31256876-7eb5-3756-addb-918839b5dd0c', 
'd57e93e2-ea52-368e-9357-6b40ec15750a', 
false, 
0);
INSERT INTO "mendixsystem$index" ("id", 
"table_id", 
"index_name")
 VALUES ('a0cb4c95-1a8d-380b-b4e9-599ebe5e6b81', 
'85f75741-ac6b-4f8c-af83-cc2ff8a1d677', 
'idx_xlsreport$mxdata_system$changedby');
INSERT INTO "mendixsystem$index_column" ("index_id", 
"column_id", 
"sort_order", 
"ordinal")
 VALUES ('a0cb4c95-1a8d-380b-b4e9-599ebe5e6b81', 
'd1fd9962-ac86-38d1-bcd0-75517b7fc87f', 
false, 
0);
INSERT INTO "mendixsystem$index" ("id", 
"table_id", 
"index_name")
 VALUES ('e50f8958-f895-3c6e-82f4-3df138e3752e', 
'85f75741-ac6b-4f8c-af83-cc2ff8a1d677', 
'idx_xlsreport$mxdata_system$owner');
INSERT INTO "mendixsystem$index_column" ("index_id", 
"column_id", 
"sort_order", 
"ordinal")
 VALUES ('e50f8958-f895-3c6e-82f4-3df138e3752e', 
'6d59830b-b659-3e9c-b677-47e829cbe6a0', 
false, 
0);
INSERT INTO "mendixsystem$association" ("id", 
"association_name", 
"table_name", 
"parent_entity_id", 
"child_entity_id", 
"parent_column_name", 
"child_column_name")
 VALUES ('d1fd9962-ac86-38d1-bcd0-75517b7fc87f', 
'System.changedBy', 
'system$changedby', 
'85f75741-ac6b-4f8c-af83-cc2ff8a1d677', 
'282e2e60-88a5-469d-84a5-ba8d9151644f', 
'id', 
'system$changedby');
INSERT INTO "mendixsystem$association" ("id", 
"association_name", 
"table_name", 
"parent_entity_id", 
"child_entity_id", 
"parent_column_name", 
"child_column_name")
 VALUES ('6d59830b-b659-3e9c-b677-47e829cbe6a0', 
'System.owner', 
'system$owner', 
'85f75741-ac6b-4f8c-af83-cc2ff8a1d677', 
'282e2e60-88a5-469d-84a5-ba8d9151644f', 
'id', 
'system$owner');
CREATE TABLE "xlsreport$mxdata_mxsheet" (
	"xlsreport$mxdataid" BIGINT NOT NULL,
	"xlsreport$mxsheetid" BIGINT NOT NULL,
	PRIMARY KEY("xlsreport$mxdataid","xlsreport$mxsheetid"),
	CONSTRAINT "uniq_xlsreport$mxdata_mxsheet_xlsreport$mxdataid" UNIQUE ("xlsreport$mxdataid"));
CREATE INDEX "idx_xlsreport$mxdata_mxsheet_xlsreport$mxsheet_xlsreport$mxdata" ON "xlsreport$mxdata_mxsheet" ("xlsreport$mxsheetid" ASC,"xlsreport$mxdataid" ASC);
INSERT INTO "mendixsystem$association" ("id", 
"association_name", 
"table_name", 
"parent_entity_id", 
"child_entity_id", 
"parent_column_name", 
"child_column_name", 
"index_name")
 VALUES ('612353da-d6fb-4b38-befb-cc8913e19ddf', 
'XLSReport.MxData_MxSheet', 
'xlsreport$mxdata_mxsheet', 
'85f75741-ac6b-4f8c-af83-cc2ff8a1d677', 
'cfaa3798-017b-4850-bcd1-f1e03cf68cf0', 
'xlsreport$mxdataid', 
'xlsreport$mxsheetid', 
'idx_xlsreport$mxdata_mxsheet_xlsreport$mxsheet_xlsreport$mxdata');
INSERT INTO "mendixsystem$unique_constraint" ("name", 
"table_id", 
"column_id")
 VALUES ('uniq_xlsreport$mxdata_mxsheet_xlsreport$mxdataid', 
'612353da-d6fb-4b38-befb-cc8913e19ddf', 
'cc21baa1-c24c-3b6c-99b2-2a2c51e7aa93');
CREATE TABLE "xlsreport$mxdata_mxcellstyle" (
	"xlsreport$mxdataid" BIGINT NOT NULL,
	"xlsreport$mxcellstyleid" BIGINT NOT NULL,
	PRIMARY KEY("xlsreport$mxdataid","xlsreport$mxcellstyleid"),
	CONSTRAINT "uniq_xlsreport$mxdata_mxcellstyle_xlsreport$mxdataid" UNIQUE ("xlsreport$mxdataid"));
CREATE INDEX "idx_xlsreport$mxdata_mxcellstyle_xlsreport$mxcellstyle_xlsreport$mxdata" ON "xlsreport$mxdata_mxcellstyle" ("xlsreport$mxcellstyleid" ASC,"xlsreport$mxdataid" ASC);
INSERT INTO "mendixsystem$association" ("id", 
"association_name", 
"table_name", 
"parent_entity_id", 
"child_entity_id", 
"parent_column_name", 
"child_column_name", 
"index_name")
 VALUES ('2453accf-6a6e-4c2b-8d3c-1132d203162c', 
'XLSReport.MxData_MxCellStyle', 
'xlsreport$mxdata_mxcellstyle', 
'85f75741-ac6b-4f8c-af83-cc2ff8a1d677', 
'52186d56-418d-448d-a1d5-d61572cc4711', 
'xlsreport$mxdataid', 
'xlsreport$mxcellstyleid', 
'idx_xlsreport$mxdata_mxcellstyle_xlsreport$mxcellstyle_xlsreport$mxdata');
INSERT INTO "mendixsystem$unique_constraint" ("name", 
"table_id", 
"column_id")
 VALUES ('uniq_xlsreport$mxdata_mxcellstyle_xlsreport$mxdataid', 
'2453accf-6a6e-4c2b-8d3c-1132d203162c', 
'cd728b3b-81a8-317b-96dd-37946ebd4dd1');
CREATE TABLE "xlsreport$mxstatic" (
	"id" BIGINT NOT NULL,
	"columnplace" INT NULL,
	"rowplace" INT NULL,
	"statictype" VARCHAR_IGNORECASE(12) NULL,
	"aggregatefunction" VARCHAR_IGNORECASE(7) NULL,
	PRIMARY KEY("id"));
INSERT INTO "mendixsystem$entity" ("id", 
"entity_name", 
"table_name", 
"superentity_id")
 VALUES ('897d0712-9338-40cb-a66c-e594ce149772', 
'XLSReport.MxStatic', 
'xlsreport$mxstatic', 
'85f75741-ac6b-4f8c-af83-cc2ff8a1d677');
INSERT INTO "mendixsystem$attribute" ("id", 
"entity_id", 
"attribute_name", 
"column_name", 
"type", 
"length", 
"default_value", 
"is_auto_number")
 VALUES ('0f0849d0-aaf9-4d4a-9c73-ecb10b585806', 
'897d0712-9338-40cb-a66c-e594ce149772', 
'ColumnPlace', 
'columnplace', 
3, 
0, 
'0', 
false);
INSERT INTO "mendixsystem$attribute" ("id", 
"entity_id", 
"attribute_name", 
"column_name", 
"type", 
"length", 
"default_value", 
"is_auto_number")
 VALUES ('9c7c41ef-d2a1-4911-a321-97d7fd452fc6', 
'897d0712-9338-40cb-a66c-e594ce149772', 
'RowPlace', 
'rowplace', 
3, 
0, 
'0', 
false);
INSERT INTO "mendixsystem$attribute" ("id", 
"entity_id", 
"attribute_name", 
"column_name", 
"type", 
"length", 
"default_value", 
"is_auto_number")
 VALUES ('203adeaf-db6a-4816-a9b1-115e565edd46', 
'897d0712-9338-40cb-a66c-e594ce149772', 
'StaticType', 
'statictype', 
40, 
12, 
'', 
false);
INSERT INTO "mendixsystem$attribute" ("id", 
"entity_id", 
"attribute_name", 
"column_name", 
"type", 
"length", 
"default_value", 
"is_auto_number")
 VALUES ('d3c8aef1-1de9-4083-b9fc-2008179443f2', 
'897d0712-9338-40cb-a66c-e594ce149772', 
'AggregateFunction', 
'aggregatefunction', 
40, 
7, 
'', 
false);
CREATE TABLE "xlsreport$mxstatic_mxcolumn" (
	"xlsreport$mxstaticid" BIGINT NOT NULL,
	"xlsreport$mxcolumnid" BIGINT NOT NULL,
	PRIMARY KEY("xlsreport$mxstaticid","xlsreport$mxcolumnid"),
	CONSTRAINT "uniq_xlsreport$mxstatic_mxcolumn_xlsreport$mxstaticid" UNIQUE ("xlsreport$mxstaticid"));
CREATE INDEX "idx_xlsreport$mxstatic_mxcolumn_xlsreport$mxcolumn_xlsreport$mxstatic" ON "xlsreport$mxstatic_mxcolumn" ("xlsreport$mxcolumnid" ASC,"xlsreport$mxstaticid" ASC);
INSERT INTO "mendixsystem$association" ("id", 
"association_name", 
"table_name", 
"parent_entity_id", 
"child_entity_id", 
"parent_column_name", 
"child_column_name", 
"index_name")
 VALUES ('7acb4283-3a05-4997-b8ab-d64be18b5f8a', 
'XLSReport.MxStatic_MxColumn', 
'xlsreport$mxstatic_mxcolumn', 
'897d0712-9338-40cb-a66c-e594ce149772', 
'dd06b468-b9eb-47ff-a022-9f7e4285e34a', 
'xlsreport$mxstaticid', 
'xlsreport$mxcolumnid', 
'idx_xlsreport$mxstatic_mxcolumn_xlsreport$mxcolumn_xlsreport$mxstatic');
INSERT INTO "mendixsystem$unique_constraint" ("name", 
"table_id", 
"column_id")
 VALUES ('uniq_xlsreport$mxstatic_mxcolumn_xlsreport$mxstaticid', 
'7acb4283-3a05-4997-b8ab-d64be18b5f8a', 
'3964090c-f0f8-37b6-b6ae-6c360fd5e9f9');
CREATE TABLE "xlsreport$mxstatic_mxobjectmember" (
	"xlsreport$mxstaticid" BIGINT NOT NULL,
	"mxmodelreflection$mxobjectmemberid" BIGINT NOT NULL,
	PRIMARY KEY("xlsreport$mxstaticid","mxmodelreflection$mxobjectmemberid"),
	CONSTRAINT "uniq_xlsreport$mxstatic_mxobjectmember_xlsreport$mxstaticid" UNIQUE ("xlsreport$mxstaticid"));
CREATE INDEX "idx_xlsreport$mxstatic_mxobjectmember_mxmodelreflection$mxobjectmember_xlsreport$mxstatic" ON "xlsreport$mxstatic_mxobjectmember" ("mxmodelreflection$mxobjectmemberid" ASC,"xlsreport$mxstaticid" ASC);
INSERT INTO "mendixsystem$association" ("id", 
"association_name", 
"table_name", 
"parent_entity_id", 
"child_entity_id", 
"parent_column_name", 
"child_column_name", 
"index_name")
 VALUES ('c90d3ddd-49d9-402a-a9b8-06e8910354dc', 
'XLSReport.MxStatic_MxObjectMember', 
'xlsreport$mxstatic_mxobjectmember', 
'897d0712-9338-40cb-a66c-e594ce149772', 
'11655a68-5df9-42f3-a19e-6c7353e8ee4a', 
'xlsreport$mxstaticid', 
'mxmodelreflection$mxobjectmemberid', 
'idx_xlsreport$mxstatic_mxobjectmember_mxmodelreflection$mxobjectmember_xlsreport$mxstatic');
INSERT INTO "mendixsystem$unique_constraint" ("name", 
"table_id", 
"column_id")
 VALUES ('uniq_xlsreport$mxstatic_mxobjectmember_xlsreport$mxstaticid', 
'c90d3ddd-49d9-402a-a9b8-06e8910354dc', 
'3fad4f9c-6a64-3490-a98f-42fc55fbf439');
CREATE TABLE "xlsreport$mxreferencehandling" (
	"id" BIGINT NOT NULL,
	"reference" VARCHAR_IGNORECASE(200) NULL,
	"jointype" VARCHAR_IGNORECASE(5) NULL,
	PRIMARY KEY("id"));
CREATE INDEX "idx_xlsreport$mxreferencehandling_reference" ON "xlsreport$mxreferencehandling" ("reference" ASC,"id" ASC);
INSERT INTO "mendixsystem$entity" ("id", 
"entity_name", 
"table_name")
 VALUES ('68726e24-9f5c-441f-88f4-25abfcc00d6f', 
'XLSReport.MxReferenceHandling', 
'xlsreport$mxreferencehandling');
INSERT INTO "mendixsystem$attribute" ("id", 
"entity_id", 
"attribute_name", 
"column_name", 
"type", 
"length", 
"default_value", 
"is_auto_number")
 VALUES ('013715eb-5619-4a53-88b7-418768808ed6', 
'68726e24-9f5c-441f-88f4-25abfcc00d6f', 
'Reference', 
'reference', 
30, 
200, 
'', 
false);
INSERT INTO "mendixsystem$attribute" ("id", 
"entity_id", 
"attribute_name", 
"column_name", 
"type", 
"length", 
"default_value", 
"is_auto_number")
 VALUES ('db739e24-24a7-4553-9c58-f3252e5bdb73', 
'68726e24-9f5c-441f-88f4-25abfcc00d6f', 
'JoinType', 
'jointype', 
40, 
5, 
'INNER', 
false);
INSERT INTO "mendixsystem$index" ("id", 
"table_id", 
"index_name")
 VALUES ('4e0611e2-8497-4152-823e-43b63ab3e0c4', 
'68726e24-9f5c-441f-88f4-25abfcc00d6f', 
'idx_xlsreport$mxreferencehandling_reference');
INSERT INTO "mendixsystem$index_column" ("index_id", 
"column_id", 
"sort_order", 
"ordinal")
 VALUES ('4e0611e2-8497-4152-823e-43b63ab3e0c4', 
'013715eb-5619-4a53-88b7-418768808ed6', 
false, 
0);
CREATE TABLE "xlsreport$mxreferencehandling_mxsheet" (
	"xlsreport$mxreferencehandlingid" BIGINT NOT NULL,
	"xlsreport$mxsheetid" BIGINT NOT NULL,
	PRIMARY KEY("xlsreport$mxreferencehandlingid","xlsreport$mxsheetid"),
	CONSTRAINT "uniq_xlsreport$mxreferencehandling_mxsheet_xlsreport$mxreferencehandlingid" UNIQUE ("xlsreport$mxreferencehandlingid"));
CREATE INDEX "idx_xlsreport$mxreferencehandling_mxsheet_xlsreport$mxsheet_xlsreport$mxreferencehandling" ON "xlsreport$mxreferencehandling_mxsheet" ("xlsreport$mxsheetid" ASC,"xlsreport$mxreferencehandlingid" ASC);
INSERT INTO "mendixsystem$association" ("id", 
"association_name", 
"table_name", 
"parent_entity_id", 
"child_entity_id", 
"parent_column_name", 
"child_column_name", 
"index_name")
 VALUES ('95bf7c00-c84a-469d-abf9-5412ca1255fc', 
'XLSReport.MxReferenceHandling_MxSheet', 
'xlsreport$mxreferencehandling_mxsheet', 
'68726e24-9f5c-441f-88f4-25abfcc00d6f', 
'cfaa3798-017b-4850-bcd1-f1e03cf68cf0', 
'xlsreport$mxreferencehandlingid', 
'xlsreport$mxsheetid', 
'idx_xlsreport$mxreferencehandling_mxsheet_xlsreport$mxsheet_xlsreport$mxreferencehandling');
INSERT INTO "mendixsystem$unique_constraint" ("name", 
"table_id", 
"column_id")
 VALUES ('uniq_xlsreport$mxreferencehandling_mxsheet_xlsreport$mxreferencehandlingid', 
'95bf7c00-c84a-469d-abf9-5412ca1255fc', 
'e09cb131-9627-342e-8074-8432623bdc06');
UPDATE "mendixsystem$version"
 SET "versionnumber" = '4.2', 
"lastsyncdate" = '20181031 22:43:53';
