CREATE TABLE "mxmodelreflection$mxobjectreference" (
	"id" BIGINT NOT NULL,
	"changeddate" TIMESTAMP NULL,
	"createddate" TIMESTAMP NULL,
	"associationowner" VARCHAR_IGNORECASE(8) NULL,
	"parententity" VARCHAR_IGNORECASE(200) NULL,
	"completename" VARCHAR_IGNORECASE(200) NULL,
	"module" VARCHAR_IGNORECASE(200) NULL,
	"referencetype" VARCHAR_IGNORECASE(12) NULL,
	"name" VARCHAR_IGNORECASE(200) NULL,
	"readablename" VARCHAR_IGNORECASE(200) NULL,
	"system$changedby" BIGINT NULL,
	"system$owner" BIGINT NULL,
	PRIMARY KEY("id"));
CREATE INDEX "idx_mxmodelreflection$mxobjectreference_system$changedby" ON "mxmodelreflection$mxobjectreference" ("system$changedby" ASC,"id" ASC);
CREATE INDEX "idx_mxmodelreflection$mxobjectreference_system$owner" ON "mxmodelreflection$mxobjectreference" ("system$owner" ASC,"id" ASC);
INSERT INTO "mendixsystem$entity" ("id", 
"entity_name", 
"table_name")
 VALUES ('cd548bf7-468b-4a7b-9070-322c5a08b666', 
'MxModelReflection.MxObjectReference', 
'mxmodelreflection$mxobjectreference');
INSERT INTO "mendixsystem$attribute" ("id", 
"entity_id", 
"attribute_name", 
"column_name", 
"type", 
"length", 
"default_value", 
"is_auto_number")
 VALUES ('578358ef-3265-3394-8077-5d90bb64f644', 
'cd548bf7-468b-4a7b-9070-322c5a08b666', 
'changedDate', 
'changeddate', 
20, 
0, 
'', 
false);
INSERT INTO "mendixsystem$attribute" ("id", 
"entity_id", 
"attribute_name", 
"column_name", 
"type", 
"length", 
"default_value", 
"is_auto_number")
 VALUES ('5bd6f8eb-debb-3b06-831d-ebe796597ebe', 
'cd548bf7-468b-4a7b-9070-322c5a08b666', 
'createdDate', 
'createddate', 
20, 
0, 
'', 
false);
INSERT INTO "mendixsystem$attribute" ("id", 
"entity_id", 
"attribute_name", 
"column_name", 
"type", 
"length", 
"default_value", 
"is_auto_number")
 VALUES ('eefd4360-0937-4332-9133-14e8aad8b7ab', 
'cd548bf7-468b-4a7b-9070-322c5a08b666', 
'AssociationOwner', 
'associationowner', 
40, 
8, 
'_Default', 
false);
INSERT INTO "mendixsystem$attribute" ("id", 
"entity_id", 
"attribute_name", 
"column_name", 
"type", 
"length", 
"default_value", 
"is_auto_number")
 VALUES ('6a832ac1-0507-4ef6-a314-e31678c976d8', 
'cd548bf7-468b-4a7b-9070-322c5a08b666', 
'ParentEntity', 
'parententity', 
30, 
200, 
'', 
false);
INSERT INTO "mendixsystem$attribute" ("id", 
"entity_id", 
"attribute_name", 
"column_name", 
"type", 
"length", 
"default_value", 
"is_auto_number")
 VALUES ('7cb05980-5a8f-4003-bc4b-f1889d686882', 
'cd548bf7-468b-4a7b-9070-322c5a08b666', 
'CompleteName', 
'completename', 
30, 
200, 
'', 
false);
INSERT INTO "mendixsystem$attribute" ("id", 
"entity_id", 
"attribute_name", 
"column_name", 
"type", 
"length", 
"default_value", 
"is_auto_number")
 VALUES ('a35e08ee-716e-4d24-a8c0-506c56d520aa', 
'cd548bf7-468b-4a7b-9070-322c5a08b666', 
'Module', 
'module', 
30, 
200, 
'', 
false);
INSERT INTO "mendixsystem$attribute" ("id", 
"entity_id", 
"attribute_name", 
"column_name", 
"type", 
"length", 
"default_value", 
"is_auto_number")
 VALUES ('fb5f5cc3-51bb-40fa-bd98-8bf105d1a671', 
'cd548bf7-468b-4a7b-9070-322c5a08b666', 
'ReferenceType', 
'referencetype', 
40, 
12, 
'', 
false);
INSERT INTO "mendixsystem$attribute" ("id", 
"entity_id", 
"attribute_name", 
"column_name", 
"type", 
"length", 
"default_value", 
"is_auto_number")
 VALUES ('317e73d2-2921-4a54-90b2-bca75618547a', 
'cd548bf7-468b-4a7b-9070-322c5a08b666', 
'Name', 
'name', 
30, 
200, 
'', 
false);
INSERT INTO "mendixsystem$attribute" ("id", 
"entity_id", 
"attribute_name", 
"column_name", 
"type", 
"length", 
"default_value", 
"is_auto_number")
 VALUES ('64faf86d-ea35-4602-9754-1298bcfa5139', 
'cd548bf7-468b-4a7b-9070-322c5a08b666', 
'ReadableName', 
'readablename', 
30, 
200, 
'', 
false);
INSERT INTO "mendixsystem$index" ("id", 
"table_id", 
"index_name")
 VALUES ('e23d0cc0-9c88-3c96-9b20-6651584dcaf2', 
'cd548bf7-468b-4a7b-9070-322c5a08b666', 
'idx_mxmodelreflection$mxobjectreference_system$changedby');
INSERT INTO "mendixsystem$index_column" ("index_id", 
"column_id", 
"sort_order", 
"ordinal")
 VALUES ('e23d0cc0-9c88-3c96-9b20-6651584dcaf2', 
'3b2e10b3-7256-3a7e-909c-ef7339510594', 
false, 
0);
INSERT INTO "mendixsystem$index" ("id", 
"table_id", 
"index_name")
 VALUES ('c0f1b130-e952-3415-85ca-00270b2ed08d', 
'cd548bf7-468b-4a7b-9070-322c5a08b666', 
'idx_mxmodelreflection$mxobjectreference_system$owner');
INSERT INTO "mendixsystem$index_column" ("index_id", 
"column_id", 
"sort_order", 
"ordinal")
 VALUES ('c0f1b130-e952-3415-85ca-00270b2ed08d', 
'f6db05ea-2f93-397f-a1be-831e648de3f0', 
false, 
0);
INSERT INTO "mendixsystem$association" ("id", 
"association_name", 
"table_name", 
"parent_entity_id", 
"child_entity_id", 
"parent_column_name", 
"child_column_name")
 VALUES ('3b2e10b3-7256-3a7e-909c-ef7339510594', 
'System.changedBy', 
'system$changedby', 
'cd548bf7-468b-4a7b-9070-322c5a08b666', 
'282e2e60-88a5-469d-84a5-ba8d9151644f', 
'id', 
'system$changedby');
INSERT INTO "mendixsystem$association" ("id", 
"association_name", 
"table_name", 
"parent_entity_id", 
"child_entity_id", 
"parent_column_name", 
"child_column_name")
 VALUES ('f6db05ea-2f93-397f-a1be-831e648de3f0', 
'System.owner', 
'system$owner', 
'cd548bf7-468b-4a7b-9070-322c5a08b666', 
'282e2e60-88a5-469d-84a5-ba8d9151644f', 
'id', 
'system$owner');
CREATE TABLE "mxmodelreflection$mxobjectreference_mxobjecttype" (
	"mxmodelreflection$mxobjectreferenceid" BIGINT NOT NULL,
	"mxmodelreflection$mxobjecttypeid" BIGINT NOT NULL,
	PRIMARY KEY("mxmodelreflection$mxobjectreferenceid","mxmodelreflection$mxobjecttypeid"));
CREATE INDEX "idx_mxmodelreflection$mxobjectreference_mxobjecttype_mxmodelreflection$mxobjecttype_mxmodelreflection$mxobjectreference" ON "mxmodelreflection$mxobjectreference_mxobjecttype" ("mxmodelreflection$mxobjecttypeid" ASC,"mxmodelreflection$mxobjectreferenceid" ASC);
INSERT INTO "mendixsystem$association" ("id", 
"association_name", 
"table_name", 
"parent_entity_id", 
"child_entity_id", 
"parent_column_name", 
"child_column_name", 
"index_name")
 VALUES ('0727c6d9-31b7-45e3-b4e2-8bb102faf127', 
'MxModelReflection.MxObjectReference_MxObjectType', 
'mxmodelreflection$mxobjectreference_mxobjecttype', 
'cd548bf7-468b-4a7b-9070-322c5a08b666', 
'cd410397-fedd-4ffc-b980-44d0dd7a494d', 
'mxmodelreflection$mxobjectreferenceid', 
'mxmodelreflection$mxobjecttypeid', 
'idx_mxmodelreflection$mxobjectreference_mxobjecttype_mxmodelreflection$mxobjecttype_mxmodelreflection$mxobjectreference');
CREATE TABLE "mxmodelreflection$mxobjectreference_module" (
	"mxmodelreflection$mxobjectreferenceid" BIGINT NOT NULL,
	"mxmodelreflection$moduleid" BIGINT NOT NULL,
	PRIMARY KEY("mxmodelreflection$mxobjectreferenceid","mxmodelreflection$moduleid"),
	CONSTRAINT "uniq_mxmodelreflection$mxobjectreference_module_mxmodelreflection$mxobjectreferenceid" UNIQUE ("mxmodelreflection$mxobjectreferenceid"));
CREATE INDEX "idx_mxmodelreflection$mxobjectreference_module_mxmodelreflection$module_mxmodelreflection$mxobjectreference" ON "mxmodelreflection$mxobjectreference_module" ("mxmodelreflection$moduleid" ASC,"mxmodelreflection$mxobjectreferenceid" ASC);
INSERT INTO "mendixsystem$association" ("id", 
"association_name", 
"table_name", 
"parent_entity_id", 
"child_entity_id", 
"parent_column_name", 
"child_column_name", 
"index_name")
 VALUES ('d92e9fdb-c3a8-4654-9408-a20f485ca5e6', 
'MxModelReflection.MxObjectReference_Module', 
'mxmodelreflection$mxobjectreference_module', 
'cd548bf7-468b-4a7b-9070-322c5a08b666', 
'965728f6-466c-47fd-a6c2-230b353426d8', 
'mxmodelreflection$mxobjectreferenceid', 
'mxmodelreflection$moduleid', 
'idx_mxmodelreflection$mxobjectreference_module_mxmodelreflection$module_mxmodelreflection$mxobjectreference');
INSERT INTO "mendixsystem$unique_constraint" ("name", 
"table_id", 
"column_id")
 VALUES ('uniq_mxmodelreflection$mxobjectreference_module_mxmodelreflection$mxobjectreferenceid', 
'd92e9fdb-c3a8-4654-9408-a20f485ca5e6', 
'036f395f-d7f8-37d0-b40c-0ceb8e2e717f');
CREATE TABLE "mxmodelreflection$mxobjectreference_mxobjecttype_child" (
	"mxmodelreflection$mxobjectreferenceid" BIGINT NOT NULL,
	"mxmodelreflection$mxobjecttypeid" BIGINT NOT NULL,
	PRIMARY KEY("mxmodelreflection$mxobjectreferenceid","mxmodelreflection$mxobjecttypeid"));
CREATE INDEX "idx_mxmodelreflection$mxobjectreference_mxobjecttype_child_mxmodelreflection$mxobjecttype_mxmodelreflection$mxobjectreference" ON "mxmodelreflection$mxobjectreference_mxobjecttype_child" ("mxmodelreflection$mxobjecttypeid" ASC,"mxmodelreflection$mxobjectreferenceid" ASC);
INSERT INTO "mendixsystem$association" ("id", 
"association_name", 
"table_name", 
"parent_entity_id", 
"child_entity_id", 
"parent_column_name", 
"child_column_name", 
"index_name")
 VALUES ('5f8dbda2-e6d5-498b-a7a4-3bda9ae9fdf8', 
'MxModelReflection.MxObjectReference_MxObjectType_Child', 
'mxmodelreflection$mxobjectreference_mxobjecttype_child', 
'cd548bf7-468b-4a7b-9070-322c5a08b666', 
'cd410397-fedd-4ffc-b980-44d0dd7a494d', 
'mxmodelreflection$mxobjectreferenceid', 
'mxmodelreflection$mxobjecttypeid', 
'idx_mxmodelreflection$mxobjectreference_mxobjecttype_child_mxmodelreflection$mxobjecttype_mxmodelreflection$mxobjectreference');
CREATE TABLE "mxmodelreflection$mxobjectreference_mxobjecttype_parent" (
	"mxmodelreflection$mxobjectreferenceid" BIGINT NOT NULL,
	"mxmodelreflection$mxobjecttypeid" BIGINT NOT NULL,
	PRIMARY KEY("mxmodelreflection$mxobjectreferenceid","mxmodelreflection$mxobjecttypeid"));
CREATE INDEX "idx_mxmodelreflection$mxobjectreference_mxobjecttype_parent_mxmodelreflection$mxobjecttype_mxmodelreflection$mxobjectreference" ON "mxmodelreflection$mxobjectreference_mxobjecttype_parent" ("mxmodelreflection$mxobjecttypeid" ASC,"mxmodelreflection$mxobjectreferenceid" ASC);
INSERT INTO "mendixsystem$association" ("id", 
"association_name", 
"table_name", 
"parent_entity_id", 
"child_entity_id", 
"parent_column_name", 
"child_column_name", 
"index_name")
 VALUES ('c1865805-1836-4b7b-828e-110b27a09cc2', 
'MxModelReflection.MxObjectReference_MxObjectType_Parent', 
'mxmodelreflection$mxobjectreference_mxobjecttype_parent', 
'cd548bf7-468b-4a7b-9070-322c5a08b666', 
'cd410397-fedd-4ffc-b980-44d0dd7a494d', 
'mxmodelreflection$mxobjectreferenceid', 
'mxmodelreflection$mxobjecttypeid', 
'idx_mxmodelreflection$mxobjectreference_mxobjecttype_parent_mxmodelreflection$mxobjecttype_mxmodelreflection$mxobjectreference');
CREATE TABLE "excelimporter$column" (
	"id" BIGINT NOT NULL,
	"mappingtype" VARCHAR_IGNORECASE(9) NULL,
	"status" VARCHAR_IGNORECASE(7) NULL,
	"findreference" VARCHAR_IGNORECASE(200) NULL,
	"colnumber" INT NULL,
	"findobjecttype" VARCHAR_IGNORECASE(200) NULL,
	"text" VARCHAR_IGNORECASE(2147483647) NULL,
	"findmicroflow" VARCHAR_IGNORECASE(200) NULL,
	"attributetypeenum" VARCHAR_IGNORECASE(11) NULL,
	"iskey" VARCHAR_IGNORECASE(3) NULL,
	"isreferencekey" VARCHAR_IGNORECASE(26) NULL,
	"datasource" VARCHAR_IGNORECASE(23) NULL,
	"changeddate" TIMESTAMP NULL,
	"details" VARCHAR_IGNORECASE(1000) NULL,
	"createddate" TIMESTAMP NULL,
	"casesensitive" VARCHAR_IGNORECASE(3) NULL,
	"inputmask" VARCHAR_IGNORECASE(20) NULL,
	"findattribute" VARCHAR_IGNORECASE(200) NULL,
	"system$changedby" BIGINT NULL,
	"system$owner" BIGINT NULL,
	PRIMARY KEY("id"));
CREATE INDEX "idx_excelimporter$column_system$changedby" ON "excelimporter$column" ("system$changedby" ASC,"id" ASC);
CREATE INDEX "idx_excelimporter$column_system$owner" ON "excelimporter$column" ("system$owner" ASC,"id" ASC);
INSERT INTO "mendixsystem$entity" ("id", 
"entity_name", 
"table_name")
 VALUES ('dda3fdfd-3793-472f-bc41-0d8c06c277b7', 
'ExcelImporter.Column', 
'excelimporter$column');
INSERT INTO "mendixsystem$attribute" ("id", 
"entity_id", 
"attribute_name", 
"column_name", 
"type", 
"length", 
"default_value", 
"is_auto_number")
 VALUES ('f4c0c08f-9c60-45d0-bee5-0d5539b2f71d', 
'dda3fdfd-3793-472f-bc41-0d8c06c277b7', 
'MappingType', 
'mappingtype', 
40, 
9, 
'DoNotUse', 
false);
INSERT INTO "mendixsystem$attribute" ("id", 
"entity_id", 
"attribute_name", 
"column_name", 
"type", 
"length", 
"default_value", 
"is_auto_number")
 VALUES ('aabea2a3-5e01-452c-8995-d86e2c6bbcb5', 
'dda3fdfd-3793-472f-bc41-0d8c06c277b7', 
'Status', 
'status', 
40, 
7, 
'INFO', 
false);
INSERT INTO "mendixsystem$attribute" ("id", 
"entity_id", 
"attribute_name", 
"column_name", 
"type", 
"length", 
"default_value", 
"is_auto_number")
 VALUES ('62caac9c-4a1b-44d0-b647-bcb6305fb467', 
'dda3fdfd-3793-472f-bc41-0d8c06c277b7', 
'FindReference', 
'findreference', 
30, 
200, 
'', 
false);
INSERT INTO "mendixsystem$attribute" ("id", 
"entity_id", 
"attribute_name", 
"column_name", 
"type", 
"length", 
"default_value", 
"is_auto_number")
 VALUES ('6db21dcf-644a-4587-8121-b30d4f5fdfe2', 
'dda3fdfd-3793-472f-bc41-0d8c06c277b7', 
'ColNumber', 
'colnumber', 
3, 
0, 
'', 
false);
INSERT INTO "mendixsystem$attribute" ("id", 
"entity_id", 
"attribute_name", 
"column_name", 
"type", 
"length", 
"default_value", 
"is_auto_number")
 VALUES ('ca6c23c1-5aa0-403c-98ee-0d0f2b8d27bd', 
'dda3fdfd-3793-472f-bc41-0d8c06c277b7', 
'FindObjectType', 
'findobjecttype', 
30, 
200, 
'', 
false);
INSERT INTO "mendixsystem$attribute" ("id", 
"entity_id", 
"attribute_name", 
"column_name", 
"type", 
"length", 
"default_value", 
"is_auto_number")
 VALUES ('0c0396d9-e59a-4745-af98-437ad5f4e66f', 
'dda3fdfd-3793-472f-bc41-0d8c06c277b7', 
'Text', 
'text', 
30, 
0, 
'', 
false);
INSERT INTO "mendixsystem$attribute" ("id", 
"entity_id", 
"attribute_name", 
"column_name", 
"type", 
"length", 
"default_value", 
"is_auto_number")
 VALUES ('b054909d-19ba-435b-a1e1-a08eef5628a0', 
'dda3fdfd-3793-472f-bc41-0d8c06c277b7', 
'FindMicroflow', 
'findmicroflow', 
30, 
200, 
'', 
false);
INSERT INTO "mendixsystem$attribute" ("id", 
"entity_id", 
"attribute_name", 
"column_name", 
"type", 
"length", 
"default_value", 
"is_auto_number")
 VALUES ('941214f6-716d-413a-8578-35a9dae7e24d', 
'dda3fdfd-3793-472f-bc41-0d8c06c277b7', 
'AttributeTypeEnum', 
'attributetypeenum', 
40, 
11, 
'', 
false);
INSERT INTO "mendixsystem$attribute" ("id", 
"entity_id", 
"attribute_name", 
"column_name", 
"type", 
"length", 
"default_value", 
"is_auto_number")
 VALUES ('a6851993-94b7-4369-bb0e-2db199afbfae', 
'dda3fdfd-3793-472f-bc41-0d8c06c277b7', 
'IsKey', 
'iskey', 
40, 
3, 
'No', 
false);
INSERT INTO "mendixsystem$attribute" ("id", 
"entity_id", 
"attribute_name", 
"column_name", 
"type", 
"length", 
"default_value", 
"is_auto_number")
 VALUES ('b76dd356-2994-4826-bb16-d95db0d477bf', 
'dda3fdfd-3793-472f-bc41-0d8c06c277b7', 
'IsReferenceKey', 
'isreferencekey', 
40, 
26, 
'NoKey', 
false);
INSERT INTO "mendixsystem$attribute" ("id", 
"entity_id", 
"attribute_name", 
"column_name", 
"type", 
"length", 
"default_value", 
"is_auto_number")
 VALUES ('a120e165-023d-4e6e-89ed-f13d0368b32f', 
'dda3fdfd-3793-472f-bc41-0d8c06c277b7', 
'DataSource', 
'datasource', 
40, 
23, 
'CellValue', 
false);
INSERT INTO "mendixsystem$attribute" ("id", 
"entity_id", 
"attribute_name", 
"column_name", 
"type", 
"length", 
"default_value", 
"is_auto_number")
 VALUES ('cde2dd6a-e64f-392f-b8bb-07194da2f9fe', 
'dda3fdfd-3793-472f-bc41-0d8c06c277b7', 
'changedDate', 
'changeddate', 
20, 
0, 
'', 
false);
INSERT INTO "mendixsystem$attribute" ("id", 
"entity_id", 
"attribute_name", 
"column_name", 
"type", 
"length", 
"default_value", 
"is_auto_number")
 VALUES ('a0c07b39-e7f2-421f-90c3-0deace2d5df4', 
'dda3fdfd-3793-472f-bc41-0d8c06c277b7', 
'Details', 
'details', 
30, 
1000, 
'', 
false);
INSERT INTO "mendixsystem$attribute" ("id", 
"entity_id", 
"attribute_name", 
"column_name", 
"type", 
"length", 
"default_value", 
"is_auto_number")
 VALUES ('664326d4-3cc9-329c-9c64-e72adfe82f8e', 
'dda3fdfd-3793-472f-bc41-0d8c06c277b7', 
'createdDate', 
'createddate', 
20, 
0, 
'', 
false);
INSERT INTO "mendixsystem$attribute" ("id", 
"entity_id", 
"attribute_name", 
"column_name", 
"type", 
"length", 
"default_value", 
"is_auto_number")
 VALUES ('369fcad3-91e4-4e58-a397-62eed231809c', 
'dda3fdfd-3793-472f-bc41-0d8c06c277b7', 
'CaseSensitive', 
'casesensitive', 
40, 
3, 
'No', 
false);
INSERT INTO "mendixsystem$attribute" ("id", 
"entity_id", 
"attribute_name", 
"column_name", 
"type", 
"length", 
"default_value", 
"is_auto_number")
 VALUES ('bd850ba5-5870-4ed7-bde7-dd8395676a98', 
'dda3fdfd-3793-472f-bc41-0d8c06c277b7', 
'InputMask', 
'inputmask', 
30, 
20, 
'', 
false);
INSERT INTO "mendixsystem$attribute" ("id", 
"entity_id", 
"attribute_name", 
"column_name", 
"type", 
"length", 
"default_value", 
"is_auto_number")
 VALUES ('21ba6b0d-4961-4efb-8786-33a09a172364', 
'dda3fdfd-3793-472f-bc41-0d8c06c277b7', 
'FindAttribute', 
'findattribute', 
30, 
200, 
'', 
false);
INSERT INTO "mendixsystem$index" ("id", 
"table_id", 
"index_name")
 VALUES ('9ae01907-90bf-3a1b-a2e2-4a28e0d7dabf', 
'dda3fdfd-3793-472f-bc41-0d8c06c277b7', 
'idx_excelimporter$column_system$changedby');
INSERT INTO "mendixsystem$index_column" ("index_id", 
"column_id", 
"sort_order", 
"ordinal")
 VALUES ('9ae01907-90bf-3a1b-a2e2-4a28e0d7dabf', 
'cdf1a3ab-a024-3c93-86c9-9ce1e380edf8', 
false, 
0);
INSERT INTO "mendixsystem$index" ("id", 
"table_id", 
"index_name")
 VALUES ('77d23f60-c6be-383e-8414-f17fcc3db2fc', 
'dda3fdfd-3793-472f-bc41-0d8c06c277b7', 
'idx_excelimporter$column_system$owner');
INSERT INTO "mendixsystem$index_column" ("index_id", 
"column_id", 
"sort_order", 
"ordinal")
 VALUES ('77d23f60-c6be-383e-8414-f17fcc3db2fc', 
'2dd3f8e7-fc1b-3f96-a199-b2673cf16a06', 
false, 
0);
INSERT INTO "mendixsystem$association" ("id", 
"association_name", 
"table_name", 
"parent_entity_id", 
"child_entity_id", 
"parent_column_name", 
"child_column_name")
 VALUES ('cdf1a3ab-a024-3c93-86c9-9ce1e380edf8', 
'System.changedBy', 
'system$changedby', 
'dda3fdfd-3793-472f-bc41-0d8c06c277b7', 
'282e2e60-88a5-469d-84a5-ba8d9151644f', 
'id', 
'system$changedby');
INSERT INTO "mendixsystem$association" ("id", 
"association_name", 
"table_name", 
"parent_entity_id", 
"child_entity_id", 
"parent_column_name", 
"child_column_name")
 VALUES ('2dd3f8e7-fc1b-3f96-a199-b2673cf16a06', 
'System.owner', 
'system$owner', 
'dda3fdfd-3793-472f-bc41-0d8c06c277b7', 
'282e2e60-88a5-469d-84a5-ba8d9151644f', 
'id', 
'system$owner');
CREATE TABLE "excelimporter$column_mxobjectmember" (
	"excelimporter$columnid" BIGINT NOT NULL,
	"mxmodelreflection$mxobjectmemberid" BIGINT NOT NULL,
	PRIMARY KEY("excelimporter$columnid","mxmodelreflection$mxobjectmemberid"),
	CONSTRAINT "uniq_excelimporter$column_mxobjectmember_excelimporter$columnid" UNIQUE ("excelimporter$columnid"));
CREATE INDEX "idx_excelimporter$column_mxobjectmember_mxmodelreflection$mxobjectmember_excelimporter$column" ON "excelimporter$column_mxobjectmember" ("mxmodelreflection$mxobjectmemberid" ASC,"excelimporter$columnid" ASC);
INSERT INTO "mendixsystem$association" ("id", 
"association_name", 
"table_name", 
"parent_entity_id", 
"child_entity_id", 
"parent_column_name", 
"child_column_name", 
"index_name")
 VALUES ('9b629eae-ac9d-41ad-89ef-538fc039f7e8', 
'ExcelImporter.Column_MxObjectMember', 
'excelimporter$column_mxobjectmember', 
'dda3fdfd-3793-472f-bc41-0d8c06c277b7', 
'11655a68-5df9-42f3-a19e-6c7353e8ee4a', 
'excelimporter$columnid', 
'mxmodelreflection$mxobjectmemberid', 
'idx_excelimporter$column_mxobjectmember_mxmodelreflection$mxobjectmember_excelimporter$column');
INSERT INTO "mendixsystem$unique_constraint" ("name", 
"table_id", 
"column_id")
 VALUES ('uniq_excelimporter$column_mxobjectmember_excelimporter$columnid', 
'9b629eae-ac9d-41ad-89ef-538fc039f7e8', 
'bfd2b572-82e7-3634-be5e-8d324afcd548');
CREATE TABLE "excelimporter$column_mxobjectreference" (
	"excelimporter$columnid" BIGINT NOT NULL,
	"mxmodelreflection$mxobjectreferenceid" BIGINT NOT NULL,
	PRIMARY KEY("excelimporter$columnid","mxmodelreflection$mxobjectreferenceid"),
	CONSTRAINT "uniq_excelimporter$column_mxobjectreference_excelimporter$columnid" UNIQUE ("excelimporter$columnid"));
CREATE INDEX "idx_excelimporter$column_mxobjectreference_mxmodelreflection$mxobjectreference_excelimporter$column" ON "excelimporter$column_mxobjectreference" ("mxmodelreflection$mxobjectreferenceid" ASC,"excelimporter$columnid" ASC);
INSERT INTO "mendixsystem$association" ("id", 
"association_name", 
"table_name", 
"parent_entity_id", 
"child_entity_id", 
"parent_column_name", 
"child_column_name", 
"index_name")
 VALUES ('99433964-aded-405c-b577-ee1f486c7184', 
'ExcelImporter.Column_MxObjectReference', 
'excelimporter$column_mxobjectreference', 
'dda3fdfd-3793-472f-bc41-0d8c06c277b7', 
'cd548bf7-468b-4a7b-9070-322c5a08b666', 
'excelimporter$columnid', 
'mxmodelreflection$mxobjectreferenceid', 
'idx_excelimporter$column_mxobjectreference_mxmodelreflection$mxobjectreference_excelimporter$column');
INSERT INTO "mendixsystem$unique_constraint" ("name", 
"table_id", 
"column_id")
 VALUES ('uniq_excelimporter$column_mxobjectreference_excelimporter$columnid', 
'99433964-aded-405c-b577-ee1f486c7184', 
'714a3200-0a79-33bd-882b-d2d58f15838f');
CREATE TABLE "excelimporter$column_mastercolumn" (
	"excelimporter$columnid1" BIGINT NOT NULL,
	"excelimporter$columnid2" BIGINT NOT NULL,
	PRIMARY KEY("excelimporter$columnid1","excelimporter$columnid2"),
	CONSTRAINT "uniq_excelimporter$column_mastercolumn_excelimporter$columnid1" UNIQUE ("excelimporter$columnid1"));
CREATE INDEX "idx_excelimporter$column_mastercolumn_excelimporter$column_excelimporter$column" ON "excelimporter$column_mastercolumn" ("excelimporter$columnid2" ASC,"excelimporter$columnid1" ASC);
INSERT INTO "mendixsystem$association" ("id", 
"association_name", 
"table_name", 
"parent_entity_id", 
"child_entity_id", 
"parent_column_name", 
"child_column_name", 
"index_name")
 VALUES ('f1c31355-4017-4ccc-9bed-4e1fe0afa6e8', 
'ExcelImporter.Column_MasterColumn', 
'excelimporter$column_mastercolumn', 
'dda3fdfd-3793-472f-bc41-0d8c06c277b7', 
'dda3fdfd-3793-472f-bc41-0d8c06c277b7', 
'excelimporter$columnid1', 
'excelimporter$columnid2', 
'idx_excelimporter$column_mastercolumn_excelimporter$column_excelimporter$column');
INSERT INTO "mendixsystem$unique_constraint" ("name", 
"table_id", 
"column_id")
 VALUES ('uniq_excelimporter$column_mastercolumn_excelimporter$columnid1', 
'f1c31355-4017-4ccc-9bed-4e1fe0afa6e8', 
'91bc59d0-9e69-30cd-a962-a6092b8f22e1');
CREATE TABLE "excelimporter$column_template" (
	"excelimporter$columnid" BIGINT NOT NULL,
	"excelimporter$templateid" BIGINT NOT NULL,
	PRIMARY KEY("excelimporter$columnid","excelimporter$templateid"),
	CONSTRAINT "uniq_excelimporter$column_template_excelimporter$columnid" UNIQUE ("excelimporter$columnid"));
CREATE INDEX "idx_excelimporter$column_template_excelimporter$template_excelimporter$column" ON "excelimporter$column_template" ("excelimporter$templateid" ASC,"excelimporter$columnid" ASC);
INSERT INTO "mendixsystem$association" ("id", 
"association_name", 
"table_name", 
"parent_entity_id", 
"child_entity_id", 
"parent_column_name", 
"child_column_name", 
"index_name")
 VALUES ('6aaca12e-5114-48b3-9c69-fa4f69704de2', 
'ExcelImporter.Column_Template', 
'excelimporter$column_template', 
'dda3fdfd-3793-472f-bc41-0d8c06c277b7', 
'40fdc412-6166-4402-97f2-63b0f0b3a9b3', 
'excelimporter$columnid', 
'excelimporter$templateid', 
'idx_excelimporter$column_template_excelimporter$template_excelimporter$column');
INSERT INTO "mendixsystem$unique_constraint" ("name", 
"table_id", 
"column_id")
 VALUES ('uniq_excelimporter$column_template_excelimporter$columnid', 
'6aaca12e-5114-48b3-9c69-fa4f69704de2', 
'6f36024b-b69a-3a61-b0c7-a3a6303bd952');
CREATE TABLE "excelimporter$column_microflows" (
	"excelimporter$columnid" BIGINT NOT NULL,
	"mxmodelreflection$microflowsid" BIGINT NOT NULL,
	PRIMARY KEY("excelimporter$columnid","mxmodelreflection$microflowsid"),
	CONSTRAINT "uniq_excelimporter$column_microflows_excelimporter$columnid" UNIQUE ("excelimporter$columnid"));
CREATE INDEX "idx_excelimporter$column_microflows_mxmodelreflection$microflows_excelimporter$column" ON "excelimporter$column_microflows" ("mxmodelreflection$microflowsid" ASC,"excelimporter$columnid" ASC);
INSERT INTO "mendixsystem$association" ("id", 
"association_name", 
"table_name", 
"parent_entity_id", 
"child_entity_id", 
"parent_column_name", 
"child_column_name", 
"index_name")
 VALUES ('d9c7c59d-b4c7-4aa4-9c35-3687c1ab67d2', 
'ExcelImporter.Column_Microflows', 
'excelimporter$column_microflows', 
'dda3fdfd-3793-472f-bc41-0d8c06c277b7', 
'23919719-6632-4d25-bf21-db452d5edeb3', 
'excelimporter$columnid', 
'mxmodelreflection$microflowsid', 
'idx_excelimporter$column_microflows_mxmodelreflection$microflows_excelimporter$column');
INSERT INTO "mendixsystem$unique_constraint" ("name", 
"table_id", 
"column_id")
 VALUES ('uniq_excelimporter$column_microflows_excelimporter$columnid', 
'd9c7c59d-b4c7-4aa4-9c35-3687c1ab67d2', 
'41f9d75e-7682-3b33-9444-21df388f5e59');
CREATE TABLE "excelimporter$column_valuetype" (
	"excelimporter$columnid" BIGINT NOT NULL,
	"mxmodelreflection$valuetypeid" BIGINT NOT NULL,
	PRIMARY KEY("excelimporter$columnid","mxmodelreflection$valuetypeid"),
	CONSTRAINT "uniq_excelimporter$column_valuetype_excelimporter$columnid" UNIQUE ("excelimporter$columnid"));
CREATE INDEX "idx_excelimporter$column_valuetype_mxmodelreflection$valuetype_excelimporter$column" ON "excelimporter$column_valuetype" ("mxmodelreflection$valuetypeid" ASC,"excelimporter$columnid" ASC);
INSERT INTO "mendixsystem$association" ("id", 
"association_name", 
"table_name", 
"parent_entity_id", 
"child_entity_id", 
"parent_column_name", 
"child_column_name", 
"index_name")
 VALUES ('098f930e-f0f5-453c-a7b0-4cdd6d1ff68c', 
'ExcelImporter.Column_ValueType', 
'excelimporter$column_valuetype', 
'dda3fdfd-3793-472f-bc41-0d8c06c277b7', 
'95fba95a-fa8e-4527-9856-cc29b62e2c13', 
'excelimporter$columnid', 
'mxmodelreflection$valuetypeid', 
'idx_excelimporter$column_valuetype_mxmodelreflection$valuetype_excelimporter$column');
INSERT INTO "mendixsystem$unique_constraint" ("name", 
"table_id", 
"column_id")
 VALUES ('uniq_excelimporter$column_valuetype_excelimporter$columnid', 
'098f930e-f0f5-453c-a7b0-4cdd6d1ff68c', 
'f8f0abae-989e-3595-8271-4472d2dbca5d');
CREATE TABLE "excelimporter$column_mxobjecttype_reference" (
	"excelimporter$columnid" BIGINT NOT NULL,
	"mxmodelreflection$mxobjecttypeid" BIGINT NOT NULL,
	PRIMARY KEY("excelimporter$columnid","mxmodelreflection$mxobjecttypeid"),
	CONSTRAINT "uniq_excelimporter$column_mxobjecttype_reference_excelimporter$columnid" UNIQUE ("excelimporter$columnid"));
CREATE INDEX "idx_excelimporter$column_mxobjecttype_reference_mxmodelreflection$mxobjecttype_excelimporter$column" ON "excelimporter$column_mxobjecttype_reference" ("mxmodelreflection$mxobjecttypeid" ASC,"excelimporter$columnid" ASC);
INSERT INTO "mendixsystem$association" ("id", 
"association_name", 
"table_name", 
"parent_entity_id", 
"child_entity_id", 
"parent_column_name", 
"child_column_name", 
"index_name")
 VALUES ('cc0b2675-3956-43b9-abc9-96e4478e05ec', 
'ExcelImporter.Column_MxObjectType_Reference', 
'excelimporter$column_mxobjecttype_reference', 
'dda3fdfd-3793-472f-bc41-0d8c06c277b7', 
'cd410397-fedd-4ffc-b980-44d0dd7a494d', 
'excelimporter$columnid', 
'mxmodelreflection$mxobjecttypeid', 
'idx_excelimporter$column_mxobjecttype_reference_mxmodelreflection$mxobjecttype_excelimporter$column');
INSERT INTO "mendixsystem$unique_constraint" ("name", 
"table_id", 
"column_id")
 VALUES ('uniq_excelimporter$column_mxobjecttype_reference_excelimporter$columnid', 
'cc0b2675-3956-43b9-abc9-96e4478e05ec', 
'196ead2b-64f1-33a6-9783-56e55aae149e');
CREATE TABLE "excelimporter$column_mxobjecttype" (
	"excelimporter$columnid" BIGINT NOT NULL,
	"mxmodelreflection$mxobjecttypeid" BIGINT NOT NULL,
	PRIMARY KEY("excelimporter$columnid","mxmodelreflection$mxobjecttypeid"),
	CONSTRAINT "uniq_excelimporter$column_mxobjecttype_excelimporter$columnid" UNIQUE ("excelimporter$columnid"));
CREATE INDEX "idx_excelimporter$column_mxobjecttype_mxmodelreflection$mxobjecttype_excelimporter$column" ON "excelimporter$column_mxobjecttype" ("mxmodelreflection$mxobjecttypeid" ASC,"excelimporter$columnid" ASC);
INSERT INTO "mendixsystem$association" ("id", 
"association_name", 
"table_name", 
"parent_entity_id", 
"child_entity_id", 
"parent_column_name", 
"child_column_name", 
"index_name")
 VALUES ('dc34b143-ea03-4cf0-934f-3f4e6b30146f', 
'ExcelImporter.Column_MxObjectType', 
'excelimporter$column_mxobjecttype', 
'dda3fdfd-3793-472f-bc41-0d8c06c277b7', 
'cd410397-fedd-4ffc-b980-44d0dd7a494d', 
'excelimporter$columnid', 
'mxmodelreflection$mxobjecttypeid', 
'idx_excelimporter$column_mxobjecttype_mxmodelreflection$mxobjecttype_excelimporter$column');
INSERT INTO "mendixsystem$unique_constraint" ("name", 
"table_id", 
"column_id")
 VALUES ('uniq_excelimporter$column_mxobjecttype_excelimporter$columnid', 
'dc34b143-ea03-4cf0-934f-3f4e6b30146f', 
'c58b9ea7-4310-3273-b2cf-4af15d4c2015');
CREATE TABLE "excelimporter$column_mxobjectmember_reference" (
	"excelimporter$columnid" BIGINT NOT NULL,
	"mxmodelreflection$mxobjectmemberid" BIGINT NOT NULL,
	PRIMARY KEY("excelimporter$columnid","mxmodelreflection$mxobjectmemberid"),
	CONSTRAINT "uniq_excelimporter$column_mxobjectmember_reference_excelimporter$columnid" UNIQUE ("excelimporter$columnid"));
CREATE INDEX "idx_excelimporter$column_mxobjectmember_reference_mxmodelreflection$mxobjectmember_excelimporter$column" ON "excelimporter$column_mxobjectmember_reference" ("mxmodelreflection$mxobjectmemberid" ASC,"excelimporter$columnid" ASC);
INSERT INTO "mendixsystem$association" ("id", 
"association_name", 
"table_name", 
"parent_entity_id", 
"child_entity_id", 
"parent_column_name", 
"child_column_name", 
"index_name")
 VALUES ('143b3c2f-57fc-4c0c-a0b3-ff4e0ef86c3a', 
'ExcelImporter.Column_MxObjectMember_Reference', 
'excelimporter$column_mxobjectmember_reference', 
'dda3fdfd-3793-472f-bc41-0d8c06c277b7', 
'11655a68-5df9-42f3-a19e-6c7353e8ee4a', 
'excelimporter$columnid', 
'mxmodelreflection$mxobjectmemberid', 
'idx_excelimporter$column_mxobjectmember_reference_mxmodelreflection$mxobjectmember_excelimporter$column');
INSERT INTO "mendixsystem$unique_constraint" ("name", 
"table_id", 
"column_id")
 VALUES ('uniq_excelimporter$column_mxobjectmember_reference_excelimporter$columnid', 
'143b3c2f-57fc-4c0c-a0b3-ff4e0ef86c3a', 
'47645933-be47-3a13-8234-9b0726ee3b2c');
CREATE TABLE "mxmodelreflection$valuetype" (
	"id" BIGINT NOT NULL,
	"changeddate" TIMESTAMP NULL,
	"createddate" TIMESTAMP NULL,
	"typeenum" VARCHAR_IGNORECASE(11) NULL,
	"name" VARCHAR_IGNORECASE(200) NULL,
	"system$changedby" BIGINT NULL,
	"system$owner" BIGINT NULL,
	PRIMARY KEY("id"));
CREATE INDEX "idx_mxmodelreflection$valuetype_system$changedby" ON "mxmodelreflection$valuetype" ("system$changedby" ASC,"id" ASC);
CREATE INDEX "idx_mxmodelreflection$valuetype_system$owner" ON "mxmodelreflection$valuetype" ("system$owner" ASC,"id" ASC);
INSERT INTO "mendixsystem$entity" ("id", 
"entity_name", 
"table_name")
 VALUES ('95fba95a-fa8e-4527-9856-cc29b62e2c13', 
'MxModelReflection.ValueType', 
'mxmodelreflection$valuetype');
INSERT INTO "mendixsystem$attribute" ("id", 
"entity_id", 
"attribute_name", 
"column_name", 
"type", 
"length", 
"default_value", 
"is_auto_number")
 VALUES ('35917fc0-7951-301b-8344-97e4b33d03e5', 
'95fba95a-fa8e-4527-9856-cc29b62e2c13', 
'changedDate', 
'changeddate', 
20, 
0, 
'', 
false);
INSERT INTO "mendixsystem$attribute" ("id", 
"entity_id", 
"attribute_name", 
"column_name", 
"type", 
"length", 
"default_value", 
"is_auto_number")
 VALUES ('ef734f5c-1b3d-3618-a7c7-8d33ec626143', 
'95fba95a-fa8e-4527-9856-cc29b62e2c13', 
'createdDate', 
'createddate', 
20, 
0, 
'', 
false);
INSERT INTO "mendixsystem$attribute" ("id", 
"entity_id", 
"attribute_name", 
"column_name", 
"type", 
"length", 
"default_value", 
"is_auto_number")
 VALUES ('bc184341-6e53-4b02-9a85-c9dab8023128', 
'95fba95a-fa8e-4527-9856-cc29b62e2c13', 
'TypeEnum', 
'typeenum', 
40, 
11, 
'', 
false);
INSERT INTO "mendixsystem$attribute" ("id", 
"entity_id", 
"attribute_name", 
"column_name", 
"type", 
"length", 
"default_value", 
"is_auto_number")
 VALUES ('308c7dd0-a713-489d-9919-9be6aa2c00fe', 
'95fba95a-fa8e-4527-9856-cc29b62e2c13', 
'Name', 
'name', 
30, 
200, 
'', 
false);
INSERT INTO "mendixsystem$index" ("id", 
"table_id", 
"index_name")
 VALUES ('3107c8ca-df5c-3895-9172-2d6e3a37f89a', 
'95fba95a-fa8e-4527-9856-cc29b62e2c13', 
'idx_mxmodelreflection$valuetype_system$changedby');
INSERT INTO "mendixsystem$index_column" ("index_id", 
"column_id", 
"sort_order", 
"ordinal")
 VALUES ('3107c8ca-df5c-3895-9172-2d6e3a37f89a', 
'0489fc15-d706-30e6-a1ae-184fa355e632', 
false, 
0);
INSERT INTO "mendixsystem$index" ("id", 
"table_id", 
"index_name")
 VALUES ('51ec7509-2769-3a78-bd18-ea416cf88f3a', 
'95fba95a-fa8e-4527-9856-cc29b62e2c13', 
'idx_mxmodelreflection$valuetype_system$owner');
INSERT INTO "mendixsystem$index_column" ("index_id", 
"column_id", 
"sort_order", 
"ordinal")
 VALUES ('51ec7509-2769-3a78-bd18-ea416cf88f3a', 
'b2918cfc-a06b-34b9-b2ee-7e1c4aa2494a', 
false, 
0);
INSERT INTO "mendixsystem$association" ("id", 
"association_name", 
"table_name", 
"parent_entity_id", 
"child_entity_id", 
"parent_column_name", 
"child_column_name")
 VALUES ('0489fc15-d706-30e6-a1ae-184fa355e632', 
'System.changedBy', 
'system$changedby', 
'95fba95a-fa8e-4527-9856-cc29b62e2c13', 
'282e2e60-88a5-469d-84a5-ba8d9151644f', 
'id', 
'system$changedby');
INSERT INTO "mendixsystem$association" ("id", 
"association_name", 
"table_name", 
"parent_entity_id", 
"child_entity_id", 
"parent_column_name", 
"child_column_name")
 VALUES ('b2918cfc-a06b-34b9-b2ee-7e1c4aa2494a', 
'System.owner', 
'system$owner', 
'95fba95a-fa8e-4527-9856-cc29b62e2c13', 
'282e2e60-88a5-469d-84a5-ba8d9151644f', 
'id', 
'system$owner');
CREATE TABLE "mxmodelreflection$valuetype_mxobjecttype" (
	"mxmodelreflection$valuetypeid" BIGINT NOT NULL,
	"mxmodelreflection$mxobjecttypeid" BIGINT NOT NULL,
	PRIMARY KEY("mxmodelreflection$valuetypeid","mxmodelreflection$mxobjecttypeid"),
	CONSTRAINT "uniq_mxmodelreflection$valuetype_mxobjecttype_mxmodelreflection$valuetypeid" UNIQUE ("mxmodelreflection$valuetypeid"));
CREATE INDEX "idx_mxmodelreflection$valuetype_mxobjecttype_mxmodelreflection$mxobjecttype_mxmodelreflection$valuetype" ON "mxmodelreflection$valuetype_mxobjecttype" ("mxmodelreflection$mxobjecttypeid" ASC,"mxmodelreflection$valuetypeid" ASC);
INSERT INTO "mendixsystem$association" ("id", 
"association_name", 
"table_name", 
"parent_entity_id", 
"child_entity_id", 
"parent_column_name", 
"child_column_name", 
"index_name")
 VALUES ('3d1dd98d-4ec4-404b-bf9b-c158629d9f78', 
'MxModelReflection.ValueType_MxObjectType', 
'mxmodelreflection$valuetype_mxobjecttype', 
'95fba95a-fa8e-4527-9856-cc29b62e2c13', 
'cd410397-fedd-4ffc-b980-44d0dd7a494d', 
'mxmodelreflection$valuetypeid', 
'mxmodelreflection$mxobjecttypeid', 
'idx_mxmodelreflection$valuetype_mxobjecttype_mxmodelreflection$mxobjecttype_mxmodelreflection$valuetype');
INSERT INTO "mendixsystem$unique_constraint" ("name", 
"table_id", 
"column_id")
 VALUES ('uniq_mxmodelreflection$valuetype_mxobjecttype_mxmodelreflection$valuetypeid', 
'3d1dd98d-4ec4-404b-bf9b-c158629d9f78', 
'fbc4b3d7-0694-3109-b749-2d1a9dd0ddf2');
CREATE TABLE "excelimporter$log" (
	"id" BIGINT NOT NULL,
	"changeddate" TIMESTAMP NULL,
	"createddate" TIMESTAMP NULL,
	"logline" VARCHAR_IGNORECASE(2147483647) NULL,
	"system$owner" BIGINT NULL,
	"system$changedby" BIGINT NULL,
	PRIMARY KEY("id"));
CREATE INDEX "idx_excelimporter$log_system$owner" ON "excelimporter$log" ("system$owner" ASC,"id" ASC);
CREATE INDEX "idx_excelimporter$log_system$changedby" ON "excelimporter$log" ("system$changedby" ASC,"id" ASC);
INSERT INTO "mendixsystem$entity" ("id", 
"entity_name", 
"table_name")
 VALUES ('ee7c991d-4cfa-478f-87b2-65a3f393c97e', 
'ExcelImporter.Log', 
'excelimporter$log');
INSERT INTO "mendixsystem$attribute" ("id", 
"entity_id", 
"attribute_name", 
"column_name", 
"type", 
"length", 
"default_value", 
"is_auto_number")
 VALUES ('94cd954e-6b96-350b-9da3-fc6da333cb94', 
'ee7c991d-4cfa-478f-87b2-65a3f393c97e', 
'changedDate', 
'changeddate', 
20, 
0, 
'', 
false);
INSERT INTO "mendixsystem$attribute" ("id", 
"entity_id", 
"attribute_name", 
"column_name", 
"type", 
"length", 
"default_value", 
"is_auto_number")
 VALUES ('48297936-ddfe-3e01-b9ca-2a55a57c336f', 
'ee7c991d-4cfa-478f-87b2-65a3f393c97e', 
'createdDate', 
'createddate', 
20, 
0, 
'', 
false);
INSERT INTO "mendixsystem$attribute" ("id", 
"entity_id", 
"attribute_name", 
"column_name", 
"type", 
"length", 
"default_value", 
"is_auto_number")
 VALUES ('ed680bb4-aa91-4731-944b-6a7380a9ade1', 
'ee7c991d-4cfa-478f-87b2-65a3f393c97e', 
'Logline', 
'logline', 
30, 
0, 
'', 
false);
INSERT INTO "mendixsystem$index" ("id", 
"table_id", 
"index_name")
 VALUES ('17e21448-3862-3790-93bb-eb1ba9721d05', 
'ee7c991d-4cfa-478f-87b2-65a3f393c97e', 
'idx_excelimporter$log_system$owner');
INSERT INTO "mendixsystem$index_column" ("index_id", 
"column_id", 
"sort_order", 
"ordinal")
 VALUES ('17e21448-3862-3790-93bb-eb1ba9721d05', 
'67c50b59-7bc8-394c-90a2-7830fc15f86e', 
false, 
0);
INSERT INTO "mendixsystem$index" ("id", 
"table_id", 
"index_name")
 VALUES ('d55fddcf-951a-3893-8d8a-73297941d6b4', 
'ee7c991d-4cfa-478f-87b2-65a3f393c97e', 
'idx_excelimporter$log_system$changedby');
INSERT INTO "mendixsystem$index_column" ("index_id", 
"column_id", 
"sort_order", 
"ordinal")
 VALUES ('d55fddcf-951a-3893-8d8a-73297941d6b4', 
'23088bf3-200b-3baf-af80-8936a6d02ed9', 
false, 
0);
INSERT INTO "mendixsystem$association" ("id", 
"association_name", 
"table_name", 
"parent_entity_id", 
"child_entity_id", 
"parent_column_name", 
"child_column_name")
 VALUES ('67c50b59-7bc8-394c-90a2-7830fc15f86e', 
'System.owner', 
'system$owner', 
'ee7c991d-4cfa-478f-87b2-65a3f393c97e', 
'282e2e60-88a5-469d-84a5-ba8d9151644f', 
'id', 
'system$owner');
INSERT INTO "mendixsystem$association" ("id", 
"association_name", 
"table_name", 
"parent_entity_id", 
"child_entity_id", 
"parent_column_name", 
"child_column_name")
 VALUES ('23088bf3-200b-3baf-af80-8936a6d02ed9', 
'System.changedBy', 
'system$changedby', 
'ee7c991d-4cfa-478f-87b2-65a3f393c97e', 
'282e2e60-88a5-469d-84a5-ba8d9151644f', 
'id', 
'system$changedby');
CREATE TABLE "excelimporter$log_xmldocumenttemplate" (
	"excelimporter$logid" BIGINT NOT NULL,
	"excelimporter$xmldocumenttemplateid" BIGINT NOT NULL,
	PRIMARY KEY("excelimporter$logid","excelimporter$xmldocumenttemplateid"),
	CONSTRAINT "uniq_excelimporter$log_xmldocumenttemplate_excelimporter$logid" UNIQUE ("excelimporter$logid"));
CREATE INDEX "idx_excelimporter$log_xmldocumenttemplate_excelimporter$xmldocumenttemplate_excelimporter$log" ON "excelimporter$log_xmldocumenttemplate" ("excelimporter$xmldocumenttemplateid" ASC,"excelimporter$logid" ASC);
INSERT INTO "mendixsystem$association" ("id", 
"association_name", 
"table_name", 
"parent_entity_id", 
"child_entity_id", 
"parent_column_name", 
"child_column_name", 
"index_name")
 VALUES ('02dcd701-d066-4f5f-896a-1537e4a79641', 
'ExcelImporter.Log_XMLDocumentTemplate', 
'excelimporter$log_xmldocumenttemplate', 
'ee7c991d-4cfa-478f-87b2-65a3f393c97e', 
'722e7d94-6294-4f59-ac48-4061ae67cf8e', 
'excelimporter$logid', 
'excelimporter$xmldocumenttemplateid', 
'idx_excelimporter$log_xmldocumenttemplate_excelimporter$xmldocumenttemplate_excelimporter$log');
INSERT INTO "mendixsystem$unique_constraint" ("name", 
"table_id", 
"column_id")
 VALUES ('uniq_excelimporter$log_xmldocumenttemplate_excelimporter$logid', 
'02dcd701-d066-4f5f-896a-1537e4a79641', 
'4be2dcbb-457e-3db4-894d-60f6343501a7');
CREATE TABLE "mxmodelreflection$microflows" (
	"id" BIGINT NOT NULL,
	"changeddate" TIMESTAMP NULL,
	"createddate" TIMESTAMP NULL,
	"module" VARCHAR_IGNORECASE(200) NULL,
	"completename" VARCHAR_IGNORECASE(200) NULL,
	"name" VARCHAR_IGNORECASE(200) NULL,
	"system$changedby" BIGINT NULL,
	"system$owner" BIGINT NULL,
	PRIMARY KEY("id"));
CREATE INDEX "idx_mxmodelreflection$microflows_system$changedby" ON "mxmodelreflection$microflows" ("system$changedby" ASC,"id" ASC);
CREATE INDEX "idx_mxmodelreflection$microflows_system$owner" ON "mxmodelreflection$microflows" ("system$owner" ASC,"id" ASC);
INSERT INTO "mendixsystem$entity" ("id", 
"entity_name", 
"table_name")
 VALUES ('23919719-6632-4d25-bf21-db452d5edeb3', 
'MxModelReflection.Microflows', 
'mxmodelreflection$microflows');
INSERT INTO "mendixsystem$attribute" ("id", 
"entity_id", 
"attribute_name", 
"column_name", 
"type", 
"length", 
"default_value", 
"is_auto_number")
 VALUES ('873c4c5a-024c-30a5-b012-26fc8732578d', 
'23919719-6632-4d25-bf21-db452d5edeb3', 
'changedDate', 
'changeddate', 
20, 
0, 
'', 
false);
INSERT INTO "mendixsystem$attribute" ("id", 
"entity_id", 
"attribute_name", 
"column_name", 
"type", 
"length", 
"default_value", 
"is_auto_number")
 VALUES ('397a7415-59e0-3540-b444-d59aec926ca1', 
'23919719-6632-4d25-bf21-db452d5edeb3', 
'createdDate', 
'createddate', 
20, 
0, 
'', 
false);
INSERT INTO "mendixsystem$attribute" ("id", 
"entity_id", 
"attribute_name", 
"column_name", 
"type", 
"length", 
"default_value", 
"is_auto_number")
 VALUES ('f78946ce-e198-4757-a8d4-8a0a4c622c8c', 
'23919719-6632-4d25-bf21-db452d5edeb3', 
'Module', 
'module', 
30, 
200, 
'', 
false);
INSERT INTO "mendixsystem$attribute" ("id", 
"entity_id", 
"attribute_name", 
"column_name", 
"type", 
"length", 
"default_value", 
"is_auto_number")
 VALUES ('005ddc03-3602-43e0-a0a6-2667339b5bbd', 
'23919719-6632-4d25-bf21-db452d5edeb3', 
'CompleteName', 
'completename', 
30, 
200, 
'', 
false);
INSERT INTO "mendixsystem$attribute" ("id", 
"entity_id", 
"attribute_name", 
"column_name", 
"type", 
"length", 
"default_value", 
"is_auto_number")
 VALUES ('27ebfc7f-e194-4893-9d30-f65ffbe43ab1', 
'23919719-6632-4d25-bf21-db452d5edeb3', 
'Name', 
'name', 
30, 
200, 
'', 
false);
INSERT INTO "mendixsystem$index" ("id", 
"table_id", 
"index_name")
 VALUES ('01c511b3-220f-33e1-953a-44efa950acc1', 
'23919719-6632-4d25-bf21-db452d5edeb3', 
'idx_mxmodelreflection$microflows_system$changedby');
INSERT INTO "mendixsystem$index_column" ("index_id", 
"column_id", 
"sort_order", 
"ordinal")
 VALUES ('01c511b3-220f-33e1-953a-44efa950acc1', 
'111e4fdc-2549-30f7-bb3b-4bccee451603', 
false, 
0);
INSERT INTO "mendixsystem$index" ("id", 
"table_id", 
"index_name")
 VALUES ('212ad0dc-5ef4-311d-89e6-de353436ab51', 
'23919719-6632-4d25-bf21-db452d5edeb3', 
'idx_mxmodelreflection$microflows_system$owner');
INSERT INTO "mendixsystem$index_column" ("index_id", 
"column_id", 
"sort_order", 
"ordinal")
 VALUES ('212ad0dc-5ef4-311d-89e6-de353436ab51', 
'4b933f6e-1062-3d42-bf0b-f208642c8d8f', 
false, 
0);
INSERT INTO "mendixsystem$association" ("id", 
"association_name", 
"table_name", 
"parent_entity_id", 
"child_entity_id", 
"parent_column_name", 
"child_column_name")
 VALUES ('111e4fdc-2549-30f7-bb3b-4bccee451603', 
'System.changedBy', 
'system$changedby', 
'23919719-6632-4d25-bf21-db452d5edeb3', 
'282e2e60-88a5-469d-84a5-ba8d9151644f', 
'id', 
'system$changedby');
INSERT INTO "mendixsystem$association" ("id", 
"association_name", 
"table_name", 
"parent_entity_id", 
"child_entity_id", 
"parent_column_name", 
"child_column_name")
 VALUES ('4b933f6e-1062-3d42-bf0b-f208642c8d8f', 
'System.owner', 
'system$owner', 
'23919719-6632-4d25-bf21-db452d5edeb3', 
'282e2e60-88a5-469d-84a5-ba8d9151644f', 
'id', 
'system$owner');
CREATE TABLE "mxmodelreflection$microflows_output_type" (
	"mxmodelreflection$microflowsid" BIGINT NOT NULL,
	"mxmodelreflection$valuetypeid" BIGINT NOT NULL,
	PRIMARY KEY("mxmodelreflection$microflowsid","mxmodelreflection$valuetypeid"),
	CONSTRAINT "uniq_mxmodelreflection$microflows_output_type_mxmodelreflection$microflowsid" UNIQUE ("mxmodelreflection$microflowsid"));
CREATE INDEX "idx_mxmodelreflection$microflows_output_type_mxmodelreflection$valuetype_mxmodelreflection$microflows" ON "mxmodelreflection$microflows_output_type" ("mxmodelreflection$valuetypeid" ASC,"mxmodelreflection$microflowsid" ASC);
INSERT INTO "mendixsystem$association" ("id", 
"association_name", 
"table_name", 
"parent_entity_id", 
"child_entity_id", 
"parent_column_name", 
"child_column_name", 
"index_name")
 VALUES ('7ce026cf-6684-480d-9a3b-4bc299a54576', 
'MxModelReflection.Microflows_Output_Type', 
'mxmodelreflection$microflows_output_type', 
'23919719-6632-4d25-bf21-db452d5edeb3', 
'95fba95a-fa8e-4527-9856-cc29b62e2c13', 
'mxmodelreflection$microflowsid', 
'mxmodelreflection$valuetypeid', 
'idx_mxmodelreflection$microflows_output_type_mxmodelreflection$valuetype_mxmodelreflection$microflows');
INSERT INTO "mendixsystem$unique_constraint" ("name", 
"table_id", 
"column_id")
 VALUES ('uniq_mxmodelreflection$microflows_output_type_mxmodelreflection$microflowsid', 
'7ce026cf-6684-480d-9a3b-4bc299a54576', 
'b6ca7bc4-61eb-3d90-94f2-332c0f94d36c');
CREATE TABLE "mxmodelreflection$microflows_module" (
	"mxmodelreflection$microflowsid" BIGINT NOT NULL,
	"mxmodelreflection$moduleid" BIGINT NOT NULL,
	PRIMARY KEY("mxmodelreflection$microflowsid","mxmodelreflection$moduleid"),
	CONSTRAINT "uniq_mxmodelreflection$microflows_module_mxmodelreflection$microflowsid" UNIQUE ("mxmodelreflection$microflowsid"));
CREATE INDEX "idx_mxmodelreflection$microflows_module_mxmodelreflection$module_mxmodelreflection$microflows" ON "mxmodelreflection$microflows_module" ("mxmodelreflection$moduleid" ASC,"mxmodelreflection$microflowsid" ASC);
INSERT INTO "mendixsystem$association" ("id", 
"association_name", 
"table_name", 
"parent_entity_id", 
"child_entity_id", 
"parent_column_name", 
"child_column_name", 
"index_name")
 VALUES ('78fe2e57-f197-4771-8063-0c9cac5c56fa', 
'MxModelReflection.Microflows_Module', 
'mxmodelreflection$microflows_module', 
'23919719-6632-4d25-bf21-db452d5edeb3', 
'965728f6-466c-47fd-a6c2-230b353426d8', 
'mxmodelreflection$microflowsid', 
'mxmodelreflection$moduleid', 
'idx_mxmodelreflection$microflows_module_mxmodelreflection$module_mxmodelreflection$microflows');
INSERT INTO "mendixsystem$unique_constraint" ("name", 
"table_id", 
"column_id")
 VALUES ('uniq_mxmodelreflection$microflows_module_mxmodelreflection$microflowsid', 
'78fe2e57-f197-4771-8063-0c9cac5c56fa', 
'0ca84fd1-4127-3a6f-96c8-9d674cd24946');
CREATE TABLE "mxmodelreflection$microflows_inputparameter" (
	"mxmodelreflection$microflowsid" BIGINT NOT NULL,
	"mxmodelreflection$parameterid" BIGINT NOT NULL,
	PRIMARY KEY("mxmodelreflection$microflowsid","mxmodelreflection$parameterid"));
CREATE INDEX "idx_mxmodelreflection$microflows_inputparameter_mxmodelreflection$parameter_mxmodelreflection$microflows" ON "mxmodelreflection$microflows_inputparameter" ("mxmodelreflection$parameterid" ASC,"mxmodelreflection$microflowsid" ASC);
INSERT INTO "mendixsystem$association" ("id", 
"association_name", 
"table_name", 
"parent_entity_id", 
"child_entity_id", 
"parent_column_name", 
"child_column_name", 
"index_name")
 VALUES ('021abad4-14d4-4c52-b5b7-cdbc3ec796d2', 
'MxModelReflection.Microflows_InputParameter', 
'mxmodelreflection$microflows_inputparameter', 
'23919719-6632-4d25-bf21-db452d5edeb3', 
'd68945f6-3688-4e92-88a4-ff7f5296e80f', 
'mxmodelreflection$microflowsid', 
'mxmodelreflection$parameterid', 
'idx_mxmodelreflection$microflows_inputparameter_mxmodelreflection$parameter_mxmodelreflection$microflows');
CREATE TABLE "mxmodelreflection$mxobjectenum" (
	"id" BIGINT NOT NULL,
	PRIMARY KEY("id"));
INSERT INTO "mendixsystem$entity" ("id", 
"entity_name", 
"table_name", 
"superentity_id")
 VALUES ('6fb847f3-8f2f-4297-9156-b864336d5aef', 
'MxModelReflection.MxObjectEnum', 
'mxmodelreflection$mxobjectenum', 
'11655a68-5df9-42f3-a19e-6c7353e8ee4a');
CREATE TABLE "mxmodelreflection$values" (
	"mxmodelreflection$mxobjectenumid" BIGINT NOT NULL,
	"mxmodelreflection$mxobjectenumvalueid" BIGINT NOT NULL,
	PRIMARY KEY("mxmodelreflection$mxobjectenumid","mxmodelreflection$mxobjectenumvalueid"));
CREATE INDEX "idx_mxmodelreflection$values_mxmodelreflection$mxobjectenumvalue_mxmodelreflection$mxobjectenum" ON "mxmodelreflection$values" ("mxmodelreflection$mxobjectenumvalueid" ASC,"mxmodelreflection$mxobjectenumid" ASC);
INSERT INTO "mendixsystem$association" ("id", 
"association_name", 
"table_name", 
"parent_entity_id", 
"child_entity_id", 
"parent_column_name", 
"child_column_name", 
"index_name")
 VALUES ('c37fa506-7d82-4e9a-bbc3-e11769e1cccf', 
'MxModelReflection.Values', 
'mxmodelreflection$values', 
'6fb847f3-8f2f-4297-9156-b864336d5aef', 
'e1ad16c4-397c-4d9e-8414-9eeb108ee1f1', 
'mxmodelreflection$mxobjectenumid', 
'mxmodelreflection$mxobjectenumvalueid', 
'idx_mxmodelreflection$values_mxmodelreflection$mxobjectenumvalue_mxmodelreflection$mxobjectenum');
CREATE TABLE "mxmodelreflection$mxobjectenumvalue" (
	"id" BIGINT NOT NULL,
	"changeddate" TIMESTAMP NULL,
	"createddate" TIMESTAMP NULL,
	"name" VARCHAR_IGNORECASE(200) NULL,
	"system$owner" BIGINT NULL,
	"system$changedby" BIGINT NULL,
	PRIMARY KEY("id"));
CREATE INDEX "idx_mxmodelreflection$mxobjectenumvalue_system$owner" ON "mxmodelreflection$mxobjectenumvalue" ("system$owner" ASC,"id" ASC);
CREATE INDEX "idx_mxmodelreflection$mxobjectenumvalue_system$changedby" ON "mxmodelreflection$mxobjectenumvalue" ("system$changedby" ASC,"id" ASC);
INSERT INTO "mendixsystem$entity" ("id", 
"entity_name", 
"table_name")
 VALUES ('e1ad16c4-397c-4d9e-8414-9eeb108ee1f1', 
'MxModelReflection.MxObjectEnumValue', 
'mxmodelreflection$mxobjectenumvalue');
INSERT INTO "mendixsystem$attribute" ("id", 
"entity_id", 
"attribute_name", 
"column_name", 
"type", 
"length", 
"default_value", 
"is_auto_number")
 VALUES ('9f0827ec-7f7f-3779-b5de-e55c76dff048', 
'e1ad16c4-397c-4d9e-8414-9eeb108ee1f1', 
'changedDate', 
'changeddate', 
20, 
0, 
'', 
false);
INSERT INTO "mendixsystem$attribute" ("id", 
"entity_id", 
"attribute_name", 
"column_name", 
"type", 
"length", 
"default_value", 
"is_auto_number")
 VALUES ('55b8c32a-6eee-3bdd-98db-09e8579b6ab8', 
'e1ad16c4-397c-4d9e-8414-9eeb108ee1f1', 
'createdDate', 
'createddate', 
20, 
0, 
'', 
false);
INSERT INTO "mendixsystem$attribute" ("id", 
"entity_id", 
"attribute_name", 
"column_name", 
"type", 
"length", 
"default_value", 
"is_auto_number")
 VALUES ('e6882c0a-f31f-45e0-b785-32e6765b9c0c', 
'e1ad16c4-397c-4d9e-8414-9eeb108ee1f1', 
'Name', 
'name', 
30, 
200, 
'', 
false);
INSERT INTO "mendixsystem$index" ("id", 
"table_id", 
"index_name")
 VALUES ('fb1abe89-0f08-394f-b985-8ea6f0a95617', 
'e1ad16c4-397c-4d9e-8414-9eeb108ee1f1', 
'idx_mxmodelreflection$mxobjectenumvalue_system$owner');
INSERT INTO "mendixsystem$index_column" ("index_id", 
"column_id", 
"sort_order", 
"ordinal")
 VALUES ('fb1abe89-0f08-394f-b985-8ea6f0a95617', 
'788a8909-80d8-3d9a-9604-b0a886e3c21f', 
false, 
0);
INSERT INTO "mendixsystem$index" ("id", 
"table_id", 
"index_name")
 VALUES ('d5bbae6a-7960-38ad-820e-9b63f68e7936', 
'e1ad16c4-397c-4d9e-8414-9eeb108ee1f1', 
'idx_mxmodelreflection$mxobjectenumvalue_system$changedby');
INSERT INTO "mendixsystem$index_column" ("index_id", 
"column_id", 
"sort_order", 
"ordinal")
 VALUES ('d5bbae6a-7960-38ad-820e-9b63f68e7936', 
'5fd4c981-a98f-3a21-af3f-ec6f77b658f2', 
false, 
0);
INSERT INTO "mendixsystem$association" ("id", 
"association_name", 
"table_name", 
"parent_entity_id", 
"child_entity_id", 
"parent_column_name", 
"child_column_name")
 VALUES ('788a8909-80d8-3d9a-9604-b0a886e3c21f', 
'System.owner', 
'system$owner', 
'e1ad16c4-397c-4d9e-8414-9eeb108ee1f1', 
'282e2e60-88a5-469d-84a5-ba8d9151644f', 
'id', 
'system$owner');
INSERT INTO "mendixsystem$association" ("id", 
"association_name", 
"table_name", 
"parent_entity_id", 
"child_entity_id", 
"parent_column_name", 
"child_column_name")
 VALUES ('5fd4c981-a98f-3a21-af3f-ec6f77b658f2', 
'System.changedBy', 
'system$changedby', 
'e1ad16c4-397c-4d9e-8414-9eeb108ee1f1', 
'282e2e60-88a5-469d-84a5-ba8d9151644f', 
'id', 
'system$changedby');
CREATE TABLE "mxmodelreflection$captions" (
	"mxmodelreflection$mxobjectenumvalueid" BIGINT NOT NULL,
	"mxmodelreflection$mxobjectenumcaptionsid" BIGINT NOT NULL,
	PRIMARY KEY("mxmodelreflection$mxobjectenumvalueid","mxmodelreflection$mxobjectenumcaptionsid"));
CREATE INDEX "idx_mxmodelreflection$captions_mxmodelreflection$mxobjectenumcaptions_mxmodelreflection$mxobjectenumvalue" ON "mxmodelreflection$captions" ("mxmodelreflection$mxobjectenumcaptionsid" ASC,"mxmodelreflection$mxobjectenumvalueid" ASC);
INSERT INTO "mendixsystem$association" ("id", 
"association_name", 
"table_name", 
"parent_entity_id", 
"child_entity_id", 
"parent_column_name", 
"child_column_name", 
"index_name")
 VALUES ('c2f66a09-b486-48f9-84a7-6b861a727141', 
'MxModelReflection.Captions', 
'mxmodelreflection$captions', 
'e1ad16c4-397c-4d9e-8414-9eeb108ee1f1', 
'61d425fe-83d8-4eeb-8ec4-a5c942e3c7fd', 
'mxmodelreflection$mxobjectenumvalueid', 
'mxmodelreflection$mxobjectenumcaptionsid', 
'idx_mxmodelreflection$captions_mxmodelreflection$mxobjectenumcaptions_mxmodelreflection$mxobjectenumvalue');
CREATE TABLE "mxmodelreflection$dbsizeestimate" (
	"id" BIGINT NOT NULL,
	"findobjecttype" VARCHAR_IGNORECASE(200) NULL,
	"calculatedsizeinkilobytes" BIGINT NULL,
	"calculatedsizeinbytes" BIGINT NULL,
	"nrofrecords" INT NULL,
	PRIMARY KEY("id"));
INSERT INTO "mendixsystem$entity" ("id", 
"entity_name", 
"table_name")
 VALUES ('b3f379c0-110d-43ba-973c-4e2ab2ebda8e', 
'MxModelReflection.DbSizeEstimate', 
'mxmodelreflection$dbsizeestimate');
INSERT INTO "mendixsystem$attribute" ("id", 
"entity_id", 
"attribute_name", 
"column_name", 
"type", 
"length", 
"default_value", 
"is_auto_number")
 VALUES ('74a6d716-cac0-49f6-a5fb-9dc6f43f08cb', 
'b3f379c0-110d-43ba-973c-4e2ab2ebda8e', 
'FindObjectType', 
'findobjecttype', 
30, 
200, 
'', 
false);
INSERT INTO "mendixsystem$attribute" ("id", 
"entity_id", 
"attribute_name", 
"column_name", 
"type", 
"length", 
"default_value", 
"is_auto_number")
 VALUES ('bd27e462-1bb7-40f4-b13c-b0a9f1ef5602', 
'b3f379c0-110d-43ba-973c-4e2ab2ebda8e', 
'CalculatedSizeInKiloBytes', 
'calculatedsizeinkilobytes', 
4, 
0, 
'0', 
false);
INSERT INTO "mendixsystem$attribute" ("id", 
"entity_id", 
"attribute_name", 
"column_name", 
"type", 
"length", 
"default_value", 
"is_auto_number")
 VALUES ('74f2e8b9-62e8-4f56-8671-177dff5f2d30', 
'b3f379c0-110d-43ba-973c-4e2ab2ebda8e', 
'CalculatedSizeInBytes', 
'calculatedsizeinbytes', 
4, 
0, 
'0', 
false);
INSERT INTO "mendixsystem$attribute" ("id", 
"entity_id", 
"attribute_name", 
"column_name", 
"type", 
"length", 
"default_value", 
"is_auto_number")
 VALUES ('59c9686e-b58f-42fc-b835-34d678cee1bb', 
'b3f379c0-110d-43ba-973c-4e2ab2ebda8e', 
'NrOfRecords', 
'nrofrecords', 
3, 
0, 
'', 
false);
CREATE TABLE "mxmodelreflection$dbsizeestimate_mxobjecttype" (
	"mxmodelreflection$dbsizeestimateid" BIGINT NOT NULL,
	"mxmodelreflection$mxobjecttypeid" BIGINT NOT NULL,
	PRIMARY KEY("mxmodelreflection$dbsizeestimateid","mxmodelreflection$mxobjecttypeid"),
	CONSTRAINT "uniq_mxmodelreflection$dbsizeestimate_mxobjecttype_mxmodelreflection$dbsizeestimateid" UNIQUE ("mxmodelreflection$dbsizeestimateid"));
CREATE INDEX "idx_mxmodelreflection$dbsizeestimate_mxobjecttype_mxmodelreflection$mxobjecttype_mxmodelreflection$dbsizeestimate" ON "mxmodelreflection$dbsizeestimate_mxobjecttype" ("mxmodelreflection$mxobjecttypeid" ASC,"mxmodelreflection$dbsizeestimateid" ASC);
INSERT INTO "mendixsystem$association" ("id", 
"association_name", 
"table_name", 
"parent_entity_id", 
"child_entity_id", 
"parent_column_name", 
"child_column_name", 
"index_name")
 VALUES ('3ccfc73c-99fd-4e9e-9eb2-86eb5a8665df', 
'MxModelReflection.DbSizeEstimate_MxObjectType', 
'mxmodelreflection$dbsizeestimate_mxobjecttype', 
'b3f379c0-110d-43ba-973c-4e2ab2ebda8e', 
'cd410397-fedd-4ffc-b980-44d0dd7a494d', 
'mxmodelreflection$dbsizeestimateid', 
'mxmodelreflection$mxobjecttypeid', 
'idx_mxmodelreflection$dbsizeestimate_mxobjecttype_mxmodelreflection$mxobjecttype_mxmodelreflection$dbsizeestimate');
INSERT INTO "mendixsystem$unique_constraint" ("name", 
"table_id", 
"column_id")
 VALUES ('uniq_mxmodelreflection$dbsizeestimate_mxobjecttype_mxmodelreflection$dbsizeestimateid', 
'3ccfc73c-99fd-4e9e-9eb2-86eb5a8665df', 
'ffe4d79e-24d6-36b1-ab91-b8fb68f463ed');
CREATE TABLE "mxmodelreflection$mxobjectmember" (
	"id" BIGINT NOT NULL,
	"changeddate" TIMESTAMP NULL,
	"descriptivename" VARCHAR_IGNORECASE(200) NULL,
	"createddate" TIMESTAMP NULL,
	"attributetype" VARCHAR_IGNORECASE(200) NULL,
	"fieldlength" INT NULL,
	"attributename" VARCHAR_IGNORECASE(200) NULL,
	"completename" VARCHAR_IGNORECASE(400) NULL,
	"isvirtual" BOOLEAN NULL,
	"attributetypeenum" VARCHAR_IGNORECASE(11) NULL,
	"submetaobjectname" VARCHAR_IGNORECASE(255) NULL,
	"system$changedby" BIGINT NULL,
	"system$owner" BIGINT NULL,
	PRIMARY KEY("id"));
CREATE INDEX "idx_mxmodelreflection$mxobjectmember_submetaobjectname" ON "mxmodelreflection$mxobjectmember" ("submetaobjectname" ASC,"id" ASC);
CREATE INDEX "idx_mxmodelreflection$mxobjectmember_system$changedby" ON "mxmodelreflection$mxobjectmember" ("system$changedby" ASC,"id" ASC);
CREATE INDEX "idx_mxmodelreflection$mxobjectmember_system$owner" ON "mxmodelreflection$mxobjectmember" ("system$owner" ASC,"id" ASC);
INSERT INTO "mendixsystem$entity" ("id", 
"entity_name", 
"table_name")
 VALUES ('11655a68-5df9-42f3-a19e-6c7353e8ee4a', 
'MxModelReflection.MxObjectMember', 
'mxmodelreflection$mxobjectmember');
INSERT INTO "mendixsystem$attribute" ("id", 
"entity_id", 
"attribute_name", 
"column_name", 
"type", 
"length", 
"default_value", 
"is_auto_number")
 VALUES ('c16c2874-c14e-34f2-b1a0-ae1f90be90a4', 
'11655a68-5df9-42f3-a19e-6c7353e8ee4a', 
'changedDate', 
'changeddate', 
20, 
0, 
'', 
false);
INSERT INTO "mendixsystem$attribute" ("id", 
"entity_id", 
"attribute_name", 
"column_name", 
"type", 
"length", 
"default_value", 
"is_auto_number")
 VALUES ('eb15dd7e-93c9-49d8-b6d8-c8c7d0b78724', 
'11655a68-5df9-42f3-a19e-6c7353e8ee4a', 
'DescriptiveName', 
'descriptivename', 
30, 
200, 
'', 
false);
INSERT INTO "mendixsystem$attribute" ("id", 
"entity_id", 
"attribute_name", 
"column_name", 
"type", 
"length", 
"default_value", 
"is_auto_number")
 VALUES ('53a873c1-db6c-347f-a10b-d106e9a7f0a9', 
'11655a68-5df9-42f3-a19e-6c7353e8ee4a', 
'createdDate', 
'createddate', 
20, 
0, 
'', 
false);
INSERT INTO "mendixsystem$attribute" ("id", 
"entity_id", 
"attribute_name", 
"column_name", 
"type", 
"length", 
"default_value", 
"is_auto_number")
 VALUES ('1522a001-fa01-4aac-aced-b9ae64b3690e', 
'11655a68-5df9-42f3-a19e-6c7353e8ee4a', 
'AttributeType', 
'attributetype', 
30, 
200, 
'', 
false);
INSERT INTO "mendixsystem$attribute" ("id", 
"entity_id", 
"attribute_name", 
"column_name", 
"type", 
"length", 
"default_value", 
"is_auto_number")
 VALUES ('cd4e88fe-a44a-4600-b312-34d0489707e2', 
'11655a68-5df9-42f3-a19e-6c7353e8ee4a', 
'FieldLength', 
'fieldlength', 
3, 
0, 
'', 
false);
INSERT INTO "mendixsystem$attribute" ("id", 
"entity_id", 
"attribute_name", 
"column_name", 
"type", 
"length", 
"default_value", 
"is_auto_number")
 VALUES ('b0affa63-d4af-4234-b626-3d3469472069', 
'11655a68-5df9-42f3-a19e-6c7353e8ee4a', 
'AttributeName', 
'attributename', 
30, 
200, 
'', 
false);
INSERT INTO "mendixsystem$attribute" ("id", 
"entity_id", 
"attribute_name", 
"column_name", 
"type", 
"length", 
"default_value", 
"is_auto_number")
 VALUES ('badd1b0e-a9b5-44ea-872c-bab95adefd7c', 
'11655a68-5df9-42f3-a19e-6c7353e8ee4a', 
'CompleteName', 
'completename', 
30, 
400, 
'', 
false);
INSERT INTO "mendixsystem$attribute" ("id", 
"entity_id", 
"attribute_name", 
"column_name", 
"type", 
"length", 
"default_value", 
"is_auto_number")
 VALUES ('ca6727e2-1adc-4e00-88e4-c69705b826d6', 
'11655a68-5df9-42f3-a19e-6c7353e8ee4a', 
'IsVirtual', 
'isvirtual', 
10, 
0, 
'false', 
false);
INSERT INTO "mendixsystem$attribute" ("id", 
"entity_id", 
"attribute_name", 
"column_name", 
"type", 
"length", 
"default_value", 
"is_auto_number")
 VALUES ('f32dde75-a89e-4de5-8b01-89f4c44791c0', 
'11655a68-5df9-42f3-a19e-6c7353e8ee4a', 
'AttributeTypeEnum', 
'attributetypeenum', 
40, 
11, 
'', 
false);
INSERT INTO "mendixsystem$attribute" ("id", 
"entity_id", 
"attribute_name", 
"column_name", 
"type", 
"length", 
"default_value", 
"is_auto_number")
 VALUES ('65be4e0f-8bd6-3203-a9d5-f7b4c78e8868', 
'11655a68-5df9-42f3-a19e-6c7353e8ee4a', 
'submetaobjectname', 
'submetaobjectname', 
30, 
255, 
'MxModelReflection.MxObjectMember', 
false);
INSERT INTO "mendixsystem$index" ("id", 
"table_id", 
"index_name")
 VALUES ('ec0c45c2-828b-365f-9f30-b41e309a489b', 
'11655a68-5df9-42f3-a19e-6c7353e8ee4a', 
'idx_mxmodelreflection$mxobjectmember_submetaobjectname');
INSERT INTO "mendixsystem$index_column" ("index_id", 
"column_id", 
"sort_order", 
"ordinal")
 VALUES ('ec0c45c2-828b-365f-9f30-b41e309a489b', 
'65be4e0f-8bd6-3203-a9d5-f7b4c78e8868', 
false, 
0);
INSERT INTO "mendixsystem$index" ("id", 
"table_id", 
"index_name")
 VALUES ('05bf2660-8b03-3c3b-bdaf-ae822ad6e642', 
'11655a68-5df9-42f3-a19e-6c7353e8ee4a', 
'idx_mxmodelreflection$mxobjectmember_system$changedby');
INSERT INTO "mendixsystem$index_column" ("index_id", 
"column_id", 
"sort_order", 
"ordinal")
 VALUES ('05bf2660-8b03-3c3b-bdaf-ae822ad6e642', 
'9148e2a8-032b-30fb-9c70-9d6016aa40b6', 
false, 
0);
INSERT INTO "mendixsystem$index" ("id", 
"table_id", 
"index_name")
 VALUES ('6da2db1d-a2e9-3b92-82a1-5f17967da576', 
'11655a68-5df9-42f3-a19e-6c7353e8ee4a', 
'idx_mxmodelreflection$mxobjectmember_system$owner');
INSERT INTO "mendixsystem$index_column" ("index_id", 
"column_id", 
"sort_order", 
"ordinal")
 VALUES ('6da2db1d-a2e9-3b92-82a1-5f17967da576', 
'd1b8a130-8f11-321d-b767-7df04de60291', 
false, 
0);
INSERT INTO "mendixsystem$association" ("id", 
"association_name", 
"table_name", 
"parent_entity_id", 
"child_entity_id", 
"parent_column_name", 
"child_column_name")
 VALUES ('9148e2a8-032b-30fb-9c70-9d6016aa40b6', 
'System.changedBy', 
'system$changedby', 
'11655a68-5df9-42f3-a19e-6c7353e8ee4a', 
'282e2e60-88a5-469d-84a5-ba8d9151644f', 
'id', 
'system$changedby');
INSERT INTO "mendixsystem$association" ("id", 
"association_name", 
"table_name", 
"parent_entity_id", 
"child_entity_id", 
"parent_column_name", 
"child_column_name")
 VALUES ('d1b8a130-8f11-321d-b767-7df04de60291', 
'System.owner', 
'system$owner', 
'11655a68-5df9-42f3-a19e-6c7353e8ee4a', 
'282e2e60-88a5-469d-84a5-ba8d9151644f', 
'id', 
'system$owner');
CREATE TABLE "mxmodelreflection$mxobjectmember_type" (
	"mxmodelreflection$mxobjectmemberid" BIGINT NOT NULL,
	"mxmodelreflection$valuetypeid" BIGINT NOT NULL,
	PRIMARY KEY("mxmodelreflection$mxobjectmemberid","mxmodelreflection$valuetypeid"),
	CONSTRAINT "uniq_mxmodelreflection$mxobjectmember_type_mxmodelreflection$mxobjectmemberid" UNIQUE ("mxmodelreflection$mxobjectmemberid"));
CREATE INDEX "idx_mxmodelreflection$mxobjectmember_type_mxmodelreflection$valuetype_mxmodelreflection$mxobjectmember" ON "mxmodelreflection$mxobjectmember_type" ("mxmodelreflection$valuetypeid" ASC,"mxmodelreflection$mxobjectmemberid" ASC);
INSERT INTO "mendixsystem$association" ("id", 
"association_name", 
"table_name", 
"parent_entity_id", 
"child_entity_id", 
"parent_column_name", 
"child_column_name", 
"index_name")
 VALUES ('61340962-a0df-46cf-8b85-f469fd9e7eb7', 
'MxModelReflection.MxObjectMember_Type', 
'mxmodelreflection$mxobjectmember_type', 
'11655a68-5df9-42f3-a19e-6c7353e8ee4a', 
'95fba95a-fa8e-4527-9856-cc29b62e2c13', 
'mxmodelreflection$mxobjectmemberid', 
'mxmodelreflection$valuetypeid', 
'idx_mxmodelreflection$mxobjectmember_type_mxmodelreflection$valuetype_mxmodelreflection$mxobjectmember');
INSERT INTO "mendixsystem$unique_constraint" ("name", 
"table_id", 
"column_id")
 VALUES ('uniq_mxmodelreflection$mxobjectmember_type_mxmodelreflection$mxobjectmemberid', 
'61340962-a0df-46cf-8b85-f469fd9e7eb7', 
'0277fddd-e7e1-3eeb-968b-166fe468d22d');
CREATE TABLE "mxmodelreflection$mxobjectmember_mxobjecttype" (
	"mxmodelreflection$mxobjectmemberid" BIGINT NOT NULL,
	"mxmodelreflection$mxobjecttypeid" BIGINT NOT NULL,
	PRIMARY KEY("mxmodelreflection$mxobjectmemberid","mxmodelreflection$mxobjecttypeid"),
	CONSTRAINT "uniq_mxmodelreflection$mxobjectmember_mxobjecttype_mxmodelreflection$mxobjectmemberid" UNIQUE ("mxmodelreflection$mxobjectmemberid"));
CREATE INDEX "idx_mxmodelreflection$mxobjectmember_mxobjecttype_mxmodelreflection$mxobjecttype_mxmodelreflection$mxobjectmember" ON "mxmodelreflection$mxobjectmember_mxobjecttype" ("mxmodelreflection$mxobjecttypeid" ASC,"mxmodelreflection$mxobjectmemberid" ASC);
INSERT INTO "mendixsystem$association" ("id", 
"association_name", 
"table_name", 
"parent_entity_id", 
"child_entity_id", 
"parent_column_name", 
"child_column_name", 
"index_name")
 VALUES ('84531a63-0328-4242-9a69-8dc61046a20c', 
'MxModelReflection.MxObjectMember_MxObjectType', 
'mxmodelreflection$mxobjectmember_mxobjecttype', 
'11655a68-5df9-42f3-a19e-6c7353e8ee4a', 
'cd410397-fedd-4ffc-b980-44d0dd7a494d', 
'mxmodelreflection$mxobjectmemberid', 
'mxmodelreflection$mxobjecttypeid', 
'idx_mxmodelreflection$mxobjectmember_mxobjecttype_mxmodelreflection$mxobjecttype_mxmodelreflection$mxobjectmember');
INSERT INTO "mendixsystem$unique_constraint" ("name", 
"table_id", 
"column_id")
 VALUES ('uniq_mxmodelreflection$mxobjectmember_mxobjecttype_mxmodelreflection$mxobjectmemberid', 
'84531a63-0328-4242-9a69-8dc61046a20c', 
'be8b32ca-bb19-38fe-9989-2b8f969bbf92');
CREATE TABLE "excelimporter$additionalproperties" (
	"id" BIGINT NOT NULL,
	"changeddate" TIMESTAMP NULL,
	"printnotfoundmessages_mainobject" BOOLEAN NULL,
	"commitunchangedobjects_mainobject" BOOLEAN NULL,
	"ignoreemptykeys" BOOLEAN NULL,
	"resetemptyassociations" BOOLEAN NULL,
	"createddate" TIMESTAMP NULL,
	"removeunsyncedobjects" VARCHAR_IGNORECASE(22) NULL,
	"printstatisticsmessages" VARCHAR_IGNORECASE(19) NULL,
	"system$owner" BIGINT NULL,
	"system$changedby" BIGINT NULL,
	PRIMARY KEY("id"));
CREATE INDEX "idx_excelimporter$additionalproperties_system$owner" ON "excelimporter$additionalproperties" ("system$owner" ASC,"id" ASC);
CREATE INDEX "idx_excelimporter$additionalproperties_system$changedby" ON "excelimporter$additionalproperties" ("system$changedby" ASC,"id" ASC);
INSERT INTO "mendixsystem$entity" ("id", 
"entity_name", 
"table_name")
 VALUES ('de0e6ce1-e6db-4dee-985b-920fa3fe1e6e', 
'ExcelImporter.AdditionalProperties', 
'excelimporter$additionalproperties');
INSERT INTO "mendixsystem$attribute" ("id", 
"entity_id", 
"attribute_name", 
"column_name", 
"type", 
"length", 
"default_value", 
"is_auto_number")
 VALUES ('0b147cd0-d3f3-3ac5-9df3-542762c06f9e', 
'de0e6ce1-e6db-4dee-985b-920fa3fe1e6e', 
'changedDate', 
'changeddate', 
20, 
0, 
'', 
false);
INSERT INTO "mendixsystem$attribute" ("id", 
"entity_id", 
"attribute_name", 
"column_name", 
"type", 
"length", 
"default_value", 
"is_auto_number")
 VALUES ('28b9ee0d-ba06-47f3-98bb-9ad82c5eb219', 
'de0e6ce1-e6db-4dee-985b-920fa3fe1e6e', 
'PrintNotFoundMessages_MainObject', 
'printnotfoundmessages_mainobject', 
10, 
0, 
'true', 
false);
INSERT INTO "mendixsystem$attribute" ("id", 
"entity_id", 
"attribute_name", 
"column_name", 
"type", 
"length", 
"default_value", 
"is_auto_number")
 VALUES ('07326f27-5bcc-4237-89a5-6f7d722c3136', 
'de0e6ce1-e6db-4dee-985b-920fa3fe1e6e', 
'CommitUnchangedObjects_MainObject', 
'commitunchangedobjects_mainobject', 
10, 
0, 
'true', 
false);
INSERT INTO "mendixsystem$attribute" ("id", 
"entity_id", 
"attribute_name", 
"column_name", 
"type", 
"length", 
"default_value", 
"is_auto_number")
 VALUES ('1326e3d9-7e86-42f9-9868-08bc9f0ce754', 
'de0e6ce1-e6db-4dee-985b-920fa3fe1e6e', 
'IgnoreEmptyKeys', 
'ignoreemptykeys', 
10, 
0, 
'true', 
false);
INSERT INTO "mendixsystem$attribute" ("id", 
"entity_id", 
"attribute_name", 
"column_name", 
"type", 
"length", 
"default_value", 
"is_auto_number")
 VALUES ('e2c903cc-6fa5-481c-94c1-9b234127f6e5', 
'de0e6ce1-e6db-4dee-985b-920fa3fe1e6e', 
'ResetEmptyAssociations', 
'resetemptyassociations', 
10, 
0, 
'false', 
false);
INSERT INTO "mendixsystem$attribute" ("id", 
"entity_id", 
"attribute_name", 
"column_name", 
"type", 
"length", 
"default_value", 
"is_auto_number")
 VALUES ('9e6901cc-8778-36fa-bf0e-ff11c1215461', 
'de0e6ce1-e6db-4dee-985b-920fa3fe1e6e', 
'createdDate', 
'createddate', 
20, 
0, 
'', 
false);
INSERT INTO "mendixsystem$attribute" ("id", 
"entity_id", 
"attribute_name", 
"column_name", 
"type", 
"length", 
"default_value", 
"is_auto_number")
 VALUES ('46acfe51-d749-42cc-a1ac-7cee062b6f04', 
'de0e6ce1-e6db-4dee-985b-920fa3fe1e6e', 
'RemoveUnsyncedObjects', 
'removeunsyncedobjects', 
40, 
22, 
'Nothing', 
false);
INSERT INTO "mendixsystem$attribute" ("id", 
"entity_id", 
"attribute_name", 
"column_name", 
"type", 
"length", 
"default_value", 
"is_auto_number")
 VALUES ('1b89ba3b-d8fb-47fd-afa4-f1ed578c809a', 
'de0e6ce1-e6db-4dee-985b-920fa3fe1e6e', 
'PrintStatisticsMessages', 
'printstatisticsmessages', 
40, 
19, 
'AllStatistics', 
false);
INSERT INTO "mendixsystem$index" ("id", 
"table_id", 
"index_name")
 VALUES ('a716d230-1ae2-34a9-8fd1-ff674ea15d2b', 
'de0e6ce1-e6db-4dee-985b-920fa3fe1e6e', 
'idx_excelimporter$additionalproperties_system$owner');
INSERT INTO "mendixsystem$index_column" ("index_id", 
"column_id", 
"sort_order", 
"ordinal")
 VALUES ('a716d230-1ae2-34a9-8fd1-ff674ea15d2b', 
'1494b9ce-ecdc-3ed6-a5f9-b53730d45b1e', 
false, 
0);
INSERT INTO "mendixsystem$index" ("id", 
"table_id", 
"index_name")
 VALUES ('31e093e4-36e9-38d4-9818-0560961f4293', 
'de0e6ce1-e6db-4dee-985b-920fa3fe1e6e', 
'idx_excelimporter$additionalproperties_system$changedby');
INSERT INTO "mendixsystem$index_column" ("index_id", 
"column_id", 
"sort_order", 
"ordinal")
 VALUES ('31e093e4-36e9-38d4-9818-0560961f4293', 
'c1dd6879-e9a2-31f2-8c8b-7a3413b1ffaf', 
false, 
0);
INSERT INTO "mendixsystem$association" ("id", 
"association_name", 
"table_name", 
"parent_entity_id", 
"child_entity_id", 
"parent_column_name", 
"child_column_name")
 VALUES ('1494b9ce-ecdc-3ed6-a5f9-b53730d45b1e', 
'System.owner', 
'system$owner', 
'de0e6ce1-e6db-4dee-985b-920fa3fe1e6e', 
'282e2e60-88a5-469d-84a5-ba8d9151644f', 
'id', 
'system$owner');
INSERT INTO "mendixsystem$association" ("id", 
"association_name", 
"table_name", 
"parent_entity_id", 
"child_entity_id", 
"parent_column_name", 
"child_column_name")
 VALUES ('c1dd6879-e9a2-31f2-8c8b-7a3413b1ffaf', 
'System.changedBy', 
'system$changedby', 
'de0e6ce1-e6db-4dee-985b-920fa3fe1e6e', 
'282e2e60-88a5-469d-84a5-ba8d9151644f', 
'id', 
'system$changedby');
CREATE TABLE "excelimporter$additionalproperties_mxobjectmember_removeindicator" (
	"excelimporter$additionalpropertiesid" BIGINT NOT NULL,
	"mxmodelreflection$mxobjectmemberid" BIGINT NOT NULL,
	PRIMARY KEY("excelimporter$additionalpropertiesid","mxmodelreflection$mxobjectmemberid"),
	CONSTRAINT "uniq_excelimporter$additionalproperties_mxobjectmember_removeindicator_excelimporter$additionalpropertiesid" UNIQUE ("excelimporter$additionalpropertiesid"));
CREATE INDEX "idx_excelimporter$additionalproperties_mxobjectmember_removeindicator" ON "excelimporter$additionalproperties_mxobjectmember_removeindicator" ("mxmodelreflection$mxobjectmemberid" ASC,"excelimporter$additionalpropertiesid" ASC);
INSERT INTO "mendixsystem$association" ("id", 
"association_name", 
"table_name", 
"parent_entity_id", 
"child_entity_id", 
"parent_column_name", 
"child_column_name", 
"index_name")
 VALUES ('bfad550c-f0ce-43b3-a62e-7ffe63fc8850', 
'ExcelImporter.AdditionalProperties_MxObjectMember_RemoveIndicator', 
'excelimporter$additionalproperties_mxobjectmember_removeindicator', 
'de0e6ce1-e6db-4dee-985b-920fa3fe1e6e', 
'11655a68-5df9-42f3-a19e-6c7353e8ee4a', 
'excelimporter$additionalpropertiesid', 
'mxmodelreflection$mxobjectmemberid', 
'idx_excelimporter$additionalproperties_mxobjectmember_removeindicator');
INSERT INTO "mendixsystem$unique_constraint" ("name", 
"table_id", 
"column_id")
 VALUES ('uniq_excelimporter$additionalproperties_mxobjectmember_removeindicator_excelimporter$additionalpropertiesid', 
'bfad550c-f0ce-43b3-a62e-7ffe63fc8850', 
'c2829fa9-6cdc-3e80-91d9-930691f9ebfb');
CREATE TABLE "mxmodelreflection$parameter" (
	"id" BIGINT NOT NULL,
	"changeddate" TIMESTAMP NULL,
	"createddate" TIMESTAMP NULL,
	"name" VARCHAR_IGNORECASE(200) NULL,
	"system$changedby" BIGINT NULL,
	"system$owner" BIGINT NULL,
	PRIMARY KEY("id"));
CREATE INDEX "idx_mxmodelreflection$parameter_system$changedby" ON "mxmodelreflection$parameter" ("system$changedby" ASC,"id" ASC);
CREATE INDEX "idx_mxmodelreflection$parameter_system$owner" ON "mxmodelreflection$parameter" ("system$owner" ASC,"id" ASC);
INSERT INTO "mendixsystem$entity" ("id", 
"entity_name", 
"table_name")
 VALUES ('d68945f6-3688-4e92-88a4-ff7f5296e80f', 
'MxModelReflection.Parameter', 
'mxmodelreflection$parameter');
INSERT INTO "mendixsystem$attribute" ("id", 
"entity_id", 
"attribute_name", 
"column_name", 
"type", 
"length", 
"default_value", 
"is_auto_number")
 VALUES ('839b3c83-b9ac-36f1-bde9-79afa24b6436', 
'd68945f6-3688-4e92-88a4-ff7f5296e80f', 
'changedDate', 
'changeddate', 
20, 
0, 
'', 
false);
INSERT INTO "mendixsystem$attribute" ("id", 
"entity_id", 
"attribute_name", 
"column_name", 
"type", 
"length", 
"default_value", 
"is_auto_number")
 VALUES ('9aad8d61-1a0e-34e2-a35c-bd4ac69a3265', 
'd68945f6-3688-4e92-88a4-ff7f5296e80f', 
'createdDate', 
'createddate', 
20, 
0, 
'', 
false);
INSERT INTO "mendixsystem$attribute" ("id", 
"entity_id", 
"attribute_name", 
"column_name", 
"type", 
"length", 
"default_value", 
"is_auto_number")
 VALUES ('043c2066-f8da-4a4e-8135-78c2f1b690ff', 
'd68945f6-3688-4e92-88a4-ff7f5296e80f', 
'Name', 
'name', 
30, 
200, 
'', 
false);
INSERT INTO "mendixsystem$index" ("id", 
"table_id", 
"index_name")
 VALUES ('87bd75c4-e859-39b6-b2ac-d2bc82a0f3ec', 
'd68945f6-3688-4e92-88a4-ff7f5296e80f', 
'idx_mxmodelreflection$parameter_system$changedby');
INSERT INTO "mendixsystem$index_column" ("index_id", 
"column_id", 
"sort_order", 
"ordinal")
 VALUES ('87bd75c4-e859-39b6-b2ac-d2bc82a0f3ec', 
'faaf96d8-a710-3f21-b5fc-18f6fd8fb5c3', 
false, 
0);
INSERT INTO "mendixsystem$index" ("id", 
"table_id", 
"index_name")
 VALUES ('e9765b76-41d1-3fc8-bf32-f839fd444f62', 
'd68945f6-3688-4e92-88a4-ff7f5296e80f', 
'idx_mxmodelreflection$parameter_system$owner');
INSERT INTO "mendixsystem$index_column" ("index_id", 
"column_id", 
"sort_order", 
"ordinal")
 VALUES ('e9765b76-41d1-3fc8-bf32-f839fd444f62', 
'39283d3c-01f0-3c33-88f9-cd63bcf94d07', 
false, 
0);
INSERT INTO "mendixsystem$association" ("id", 
"association_name", 
"table_name", 
"parent_entity_id", 
"child_entity_id", 
"parent_column_name", 
"child_column_name")
 VALUES ('faaf96d8-a710-3f21-b5fc-18f6fd8fb5c3', 
'System.changedBy', 
'system$changedby', 
'd68945f6-3688-4e92-88a4-ff7f5296e80f', 
'282e2e60-88a5-469d-84a5-ba8d9151644f', 
'id', 
'system$changedby');
INSERT INTO "mendixsystem$association" ("id", 
"association_name", 
"table_name", 
"parent_entity_id", 
"child_entity_id", 
"parent_column_name", 
"child_column_name")
 VALUES ('39283d3c-01f0-3c33-88f9-cd63bcf94d07', 
'System.owner', 
'system$owner', 
'd68945f6-3688-4e92-88a4-ff7f5296e80f', 
'282e2e60-88a5-469d-84a5-ba8d9151644f', 
'id', 
'system$owner');
CREATE TABLE "mxmodelreflection$parameter_mxobjecttype" (
	"mxmodelreflection$parameterid" BIGINT NOT NULL,
	"mxmodelreflection$mxobjecttypeid" BIGINT NOT NULL,
	PRIMARY KEY("mxmodelreflection$parameterid","mxmodelreflection$mxobjecttypeid"),
	CONSTRAINT "uniq_mxmodelreflection$parameter_mxobjecttype_mxmodelreflection$parameterid" UNIQUE ("mxmodelreflection$parameterid"));
CREATE INDEX "idx_mxmodelreflection$parameter_mxobjecttype_mxmodelreflection$mxobjecttype_mxmodelreflection$parameter" ON "mxmodelreflection$parameter_mxobjecttype" ("mxmodelreflection$mxobjecttypeid" ASC,"mxmodelreflection$parameterid" ASC);
INSERT INTO "mendixsystem$association" ("id", 
"association_name", 
"table_name", 
"parent_entity_id", 
"child_entity_id", 
"parent_column_name", 
"child_column_name", 
"index_name")
 VALUES ('81b57d12-64a0-43de-9cb8-a3d9a6361a03', 
'MxModelReflection.Parameter_MxObjectType', 
'mxmodelreflection$parameter_mxobjecttype', 
'd68945f6-3688-4e92-88a4-ff7f5296e80f', 
'cd410397-fedd-4ffc-b980-44d0dd7a494d', 
'mxmodelreflection$parameterid', 
'mxmodelreflection$mxobjecttypeid', 
'idx_mxmodelreflection$parameter_mxobjecttype_mxmodelreflection$mxobjecttype_mxmodelreflection$parameter');
INSERT INTO "mendixsystem$unique_constraint" ("name", 
"table_id", 
"column_id")
 VALUES ('uniq_mxmodelreflection$parameter_mxobjecttype_mxmodelreflection$parameterid', 
'81b57d12-64a0-43de-9cb8-a3d9a6361a03', 
'2fe4341c-3d68-36cc-a28b-121977be8b85');
CREATE TABLE "mxmodelreflection$parameter_valuetype" (
	"mxmodelreflection$parameterid" BIGINT NOT NULL,
	"mxmodelreflection$valuetypeid" BIGINT NOT NULL,
	PRIMARY KEY("mxmodelreflection$parameterid","mxmodelreflection$valuetypeid"),
	CONSTRAINT "uniq_mxmodelreflection$parameter_valuetype_mxmodelreflection$parameterid" UNIQUE ("mxmodelreflection$parameterid"));
CREATE INDEX "idx_mxmodelreflection$parameter_valuetype_mxmodelreflection$valuetype_mxmodelreflection$parameter" ON "mxmodelreflection$parameter_valuetype" ("mxmodelreflection$valuetypeid" ASC,"mxmodelreflection$parameterid" ASC);
INSERT INTO "mendixsystem$association" ("id", 
"association_name", 
"table_name", 
"parent_entity_id", 
"child_entity_id", 
"parent_column_name", 
"child_column_name", 
"index_name")
 VALUES ('afd681f0-7af7-4e40-8731-600486bdf5c1', 
'MxModelReflection.Parameter_ValueType', 
'mxmodelreflection$parameter_valuetype', 
'd68945f6-3688-4e92-88a4-ff7f5296e80f', 
'95fba95a-fa8e-4527-9856-cc29b62e2c13', 
'mxmodelreflection$parameterid', 
'mxmodelreflection$valuetypeid', 
'idx_mxmodelreflection$parameter_valuetype_mxmodelreflection$valuetype_mxmodelreflection$parameter');
INSERT INTO "mendixsystem$unique_constraint" ("name", 
"table_id", 
"column_id")
 VALUES ('uniq_mxmodelreflection$parameter_valuetype_mxmodelreflection$parameterid', 
'afd681f0-7af7-4e40-8731-600486bdf5c1', 
'81eb022c-9049-3faf-a5f4-4a1cb831ba07');
CREATE TABLE "excelimporter$templatedocument" (
	"id" BIGINT NOT NULL,
	PRIMARY KEY("id"));
INSERT INTO "mendixsystem$entity" ("id", 
"entity_name", 
"table_name", 
"superentity_id")
 VALUES ('e0f7bffb-6881-46ef-89cc-d1d205fd3a1b', 
'ExcelImporter.TemplateDocument', 
'excelimporter$templatedocument', 
'170ce49d-f29c-4fac-99a6-b55e8a3aeb39');
CREATE TABLE "excelimporter$templatedocument_template" (
	"excelimporter$templatedocumentid" BIGINT NOT NULL,
	"excelimporter$templateid" BIGINT NOT NULL,
	PRIMARY KEY("excelimporter$templatedocumentid","excelimporter$templateid"),
	CONSTRAINT "uniq_excelimporter$templatedocument_template_excelimporter$templatedocumentid" UNIQUE ("excelimporter$templatedocumentid"));
CREATE INDEX "idx_excelimporter$templatedocument_template_excelimporter$template_excelimporter$templatedocument" ON "excelimporter$templatedocument_template" ("excelimporter$templateid" ASC,"excelimporter$templatedocumentid" ASC);
INSERT INTO "mendixsystem$association" ("id", 
"association_name", 
"table_name", 
"parent_entity_id", 
"child_entity_id", 
"parent_column_name", 
"child_column_name", 
"index_name")
 VALUES ('30d9c78d-a38e-4fe2-87ec-a3a1b3476421', 
'ExcelImporter.TemplateDocument_Template', 
'excelimporter$templatedocument_template', 
'e0f7bffb-6881-46ef-89cc-d1d205fd3a1b', 
'40fdc412-6166-4402-97f2-63b0f0b3a9b3', 
'excelimporter$templatedocumentid', 
'excelimporter$templateid', 
'idx_excelimporter$templatedocument_template_excelimporter$template_excelimporter$templatedocument');
INSERT INTO "mendixsystem$unique_constraint" ("name", 
"table_id", 
"column_id")
 VALUES ('uniq_excelimporter$templatedocument_template_excelimporter$templatedocumentid', 
'30d9c78d-a38e-4fe2-87ec-a3a1b3476421', 
'907e6ad1-f023-3c9a-8fc0-8866083c5790');
CREATE TABLE "mxmodelreflection$token" (
	"id" BIGINT NOT NULL,
	"status" VARCHAR_IGNORECASE(7) NULL,
	"findreference" VARCHAR_IGNORECASE(200) NULL,
	"findobjectstart" VARCHAR_IGNORECASE(200) NULL,
	"displaypattern" VARCHAR_IGNORECASE(50) NULL,
	"description" VARCHAR_IGNORECASE(300) NULL,
	"metamodelpath" VARCHAR_IGNORECASE(1000) NULL,
	"token" VARCHAR_IGNORECASE(50) NULL,
	"prefix" VARCHAR_IGNORECASE(3) NULL,
	"findobjectreference" VARCHAR_IGNORECASE(200) NULL,
	"findmember" VARCHAR_IGNORECASE(200) NULL,
	"changeddate" TIMESTAMP NULL,
	"tokentype" VARCHAR_IGNORECASE(9) NULL,
	"suffix" VARCHAR_IGNORECASE(3) NULL,
	"findmemberreference" VARCHAR_IGNORECASE(200) NULL,
	"createddate" TIMESTAMP NULL,
	"isoptional" BOOLEAN NULL,
	"combinedtoken" VARCHAR_IGNORECASE(56) NULL,
	"system$changedby" BIGINT NULL,
	"system$owner" BIGINT NULL,
	PRIMARY KEY("id"));
CREATE INDEX "idx_mxmodelreflection$token_combinedtoken" ON "mxmodelreflection$token" ("combinedtoken" ASC,"id" ASC);
CREATE INDEX "idx_mxmodelreflection$token_system$changedby" ON "mxmodelreflection$token" ("system$changedby" ASC,"id" ASC);
CREATE INDEX "idx_mxmodelreflection$token_system$owner" ON "mxmodelreflection$token" ("system$owner" ASC,"id" ASC);
INSERT INTO "mendixsystem$entity" ("id", 
"entity_name", 
"table_name")
 VALUES ('18de0f09-7a39-41d8-b83e-71bf3ee80152', 
'MxModelReflection.Token', 
'mxmodelreflection$token');
INSERT INTO "mendixsystem$attribute" ("id", 
"entity_id", 
"attribute_name", 
"column_name", 
"type", 
"length", 
"default_value", 
"is_auto_number")
 VALUES ('d30269ab-28e9-45f9-86c2-0979b97fbc5a', 
'18de0f09-7a39-41d8-b83e-71bf3ee80152', 
'Status', 
'status', 
40, 
7, 
'Invalid', 
false);
INSERT INTO "mendixsystem$attribute" ("id", 
"entity_id", 
"attribute_name", 
"column_name", 
"type", 
"length", 
"default_value", 
"is_auto_number")
 VALUES ('b2d517cd-d562-4b16-b932-3535783faee1', 
'18de0f09-7a39-41d8-b83e-71bf3ee80152', 
'FindReference', 
'findreference', 
30, 
200, 
'', 
false);
INSERT INTO "mendixsystem$attribute" ("id", 
"entity_id", 
"attribute_name", 
"column_name", 
"type", 
"length", 
"default_value", 
"is_auto_number")
 VALUES ('9441eaa5-742d-41cb-8a8d-1607edf72f38', 
'18de0f09-7a39-41d8-b83e-71bf3ee80152', 
'FindObjectStart', 
'findobjectstart', 
30, 
200, 
'', 
false);
INSERT INTO "mendixsystem$attribute" ("id", 
"entity_id", 
"attribute_name", 
"column_name", 
"type", 
"length", 
"default_value", 
"is_auto_number")
 VALUES ('5413049b-51f7-4043-919c-6727944a340b', 
'18de0f09-7a39-41d8-b83e-71bf3ee80152', 
'DisplayPattern', 
'displaypattern', 
30, 
50, 
'', 
false);
INSERT INTO "mendixsystem$attribute" ("id", 
"entity_id", 
"attribute_name", 
"column_name", 
"type", 
"length", 
"default_value", 
"is_auto_number")
 VALUES ('257b7a35-0353-42e8-9463-e3c03cf183c7', 
'18de0f09-7a39-41d8-b83e-71bf3ee80152', 
'Description', 
'description', 
30, 
300, 
'', 
false);
INSERT INTO "mendixsystem$attribute" ("id", 
"entity_id", 
"attribute_name", 
"column_name", 
"type", 
"length", 
"default_value", 
"is_auto_number")
 VALUES ('9eb881fe-f0eb-48f5-a17a-afd6d38de028', 
'18de0f09-7a39-41d8-b83e-71bf3ee80152', 
'MetaModelPath', 
'metamodelpath', 
30, 
1000, 
'', 
false);
INSERT INTO "mendixsystem$attribute" ("id", 
"entity_id", 
"attribute_name", 
"column_name", 
"type", 
"length", 
"default_value", 
"is_auto_number")
 VALUES ('27bf5d1b-088d-4b62-96b4-c8d43a0b3765', 
'18de0f09-7a39-41d8-b83e-71bf3ee80152', 
'Token', 
'token', 
30, 
50, 
'', 
false);
INSERT INTO "mendixsystem$attribute" ("id", 
"entity_id", 
"attribute_name", 
"column_name", 
"type", 
"length", 
"default_value", 
"is_auto_number")
 VALUES ('9f5e92ef-255f-44d8-83e9-f8316bcf162d', 
'18de0f09-7a39-41d8-b83e-71bf3ee80152', 
'Prefix', 
'prefix', 
30, 
3, 
'{%', 
false);
INSERT INTO "mendixsystem$attribute" ("id", 
"entity_id", 
"attribute_name", 
"column_name", 
"type", 
"length", 
"default_value", 
"is_auto_number")
 VALUES ('1f2285a3-33c5-4cc8-b21f-6a3211aab26f', 
'18de0f09-7a39-41d8-b83e-71bf3ee80152', 
'FindObjectReference', 
'findobjectreference', 
30, 
200, 
'', 
false);
INSERT INTO "mendixsystem$attribute" ("id", 
"entity_id", 
"attribute_name", 
"column_name", 
"type", 
"length", 
"default_value", 
"is_auto_number")
 VALUES ('23268e4e-478b-4380-af57-ec33b17226ab', 
'18de0f09-7a39-41d8-b83e-71bf3ee80152', 
'FindMember', 
'findmember', 
30, 
200, 
'', 
false);
INSERT INTO "mendixsystem$attribute" ("id", 
"entity_id", 
"attribute_name", 
"column_name", 
"type", 
"length", 
"default_value", 
"is_auto_number")
 VALUES ('6b1851a8-5723-3974-9ca5-938796dd74cc', 
'18de0f09-7a39-41d8-b83e-71bf3ee80152', 
'changedDate', 
'changeddate', 
20, 
0, 
'', 
false);
INSERT INTO "mendixsystem$attribute" ("id", 
"entity_id", 
"attribute_name", 
"column_name", 
"type", 
"length", 
"default_value", 
"is_auto_number")
 VALUES ('5bfc8651-247a-421b-8398-60156797f974', 
'18de0f09-7a39-41d8-b83e-71bf3ee80152', 
'TokenType', 
'tokentype', 
40, 
9, 
'', 
false);
INSERT INTO "mendixsystem$attribute" ("id", 
"entity_id", 
"attribute_name", 
"column_name", 
"type", 
"length", 
"default_value", 
"is_auto_number")
 VALUES ('55e610f5-adb3-4462-80d9-6a9a66b25cc6', 
'18de0f09-7a39-41d8-b83e-71bf3ee80152', 
'Suffix', 
'suffix', 
30, 
3, 
'%}', 
false);
INSERT INTO "mendixsystem$attribute" ("id", 
"entity_id", 
"attribute_name", 
"column_name", 
"type", 
"length", 
"default_value", 
"is_auto_number")
 VALUES ('b3e028c1-88c7-423a-ac98-7e1bac9bc4f7', 
'18de0f09-7a39-41d8-b83e-71bf3ee80152', 
'FindMemberReference', 
'findmemberreference', 
30, 
200, 
'', 
false);
INSERT INTO "mendixsystem$attribute" ("id", 
"entity_id", 
"attribute_name", 
"column_name", 
"type", 
"length", 
"default_value", 
"is_auto_number")
 VALUES ('3cf7f2a6-1ecf-3845-a759-26419193c1bf', 
'18de0f09-7a39-41d8-b83e-71bf3ee80152', 
'createdDate', 
'createddate', 
20, 
0, 
'', 
false);
INSERT INTO "mendixsystem$attribute" ("id", 
"entity_id", 
"attribute_name", 
"column_name", 
"type", 
"length", 
"default_value", 
"is_auto_number")
 VALUES ('f86954be-5338-4b64-9bb7-3f5fc0fae323', 
'18de0f09-7a39-41d8-b83e-71bf3ee80152', 
'IsOptional', 
'isoptional', 
10, 
0, 
'false', 
false);
INSERT INTO "mendixsystem$attribute" ("id", 
"entity_id", 
"attribute_name", 
"column_name", 
"type", 
"length", 
"default_value", 
"is_auto_number")
 VALUES ('c60212af-e5b3-4872-b4ae-f71c9ceff4ae', 
'18de0f09-7a39-41d8-b83e-71bf3ee80152', 
'CombinedToken', 
'combinedtoken', 
30, 
56, 
'', 
false);
INSERT INTO "mendixsystem$index" ("id", 
"table_id", 
"index_name")
 VALUES ('1fca6ef6-1ac7-43bd-bb38-1152ad6bb3ad', 
'18de0f09-7a39-41d8-b83e-71bf3ee80152', 
'idx_mxmodelreflection$token_combinedtoken');
INSERT INTO "mendixsystem$index_column" ("index_id", 
"column_id", 
"sort_order", 
"ordinal")
 VALUES ('1fca6ef6-1ac7-43bd-bb38-1152ad6bb3ad', 
'c60212af-e5b3-4872-b4ae-f71c9ceff4ae', 
false, 
0);
INSERT INTO "mendixsystem$index" ("id", 
"table_id", 
"index_name")
 VALUES ('1ee30ff3-2542-3cb0-9a63-7f25e1671656', 
'18de0f09-7a39-41d8-b83e-71bf3ee80152', 
'idx_mxmodelreflection$token_system$changedby');
INSERT INTO "mendixsystem$index_column" ("index_id", 
"column_id", 
"sort_order", 
"ordinal")
 VALUES ('1ee30ff3-2542-3cb0-9a63-7f25e1671656', 
'54d79122-2548-3600-9e64-d6e42ac10c0e', 
false, 
0);
INSERT INTO "mendixsystem$index" ("id", 
"table_id", 
"index_name")
 VALUES ('0cc56256-643f-3d22-b609-1ba444d4dbce', 
'18de0f09-7a39-41d8-b83e-71bf3ee80152', 
'idx_mxmodelreflection$token_system$owner');
INSERT INTO "mendixsystem$index_column" ("index_id", 
"column_id", 
"sort_order", 
"ordinal")
 VALUES ('0cc56256-643f-3d22-b609-1ba444d4dbce', 
'aa18c45b-7d39-3ddf-ad06-ef5dab05a3a5', 
false, 
0);
INSERT INTO "mendixsystem$association" ("id", 
"association_name", 
"table_name", 
"parent_entity_id", 
"child_entity_id", 
"parent_column_name", 
"child_column_name")
 VALUES ('54d79122-2548-3600-9e64-d6e42ac10c0e', 
'System.changedBy', 
'system$changedby', 
'18de0f09-7a39-41d8-b83e-71bf3ee80152', 
'282e2e60-88a5-469d-84a5-ba8d9151644f', 
'id', 
'system$changedby');
INSERT INTO "mendixsystem$association" ("id", 
"association_name", 
"table_name", 
"parent_entity_id", 
"child_entity_id", 
"parent_column_name", 
"child_column_name")
 VALUES ('aa18c45b-7d39-3ddf-ad06-ef5dab05a3a5', 
'System.owner', 
'system$owner', 
'18de0f09-7a39-41d8-b83e-71bf3ee80152', 
'282e2e60-88a5-469d-84a5-ba8d9151644f', 
'id', 
'system$owner');
CREATE TABLE "mxmodelreflection$token_mxobjecttype_start" (
	"mxmodelreflection$tokenid" BIGINT NOT NULL,
	"mxmodelreflection$mxobjecttypeid" BIGINT NOT NULL,
	PRIMARY KEY("mxmodelreflection$tokenid","mxmodelreflection$mxobjecttypeid"),
	CONSTRAINT "uniq_mxmodelreflection$token_mxobjecttype_start_mxmodelreflection$tokenid" UNIQUE ("mxmodelreflection$tokenid"));
CREATE INDEX "idx_mxmodelreflection$token_mxobjecttype_start_mxmodelreflection$mxobjecttype_mxmodelreflection$token" ON "mxmodelreflection$token_mxobjecttype_start" ("mxmodelreflection$mxobjecttypeid" ASC,"mxmodelreflection$tokenid" ASC);
INSERT INTO "mendixsystem$association" ("id", 
"association_name", 
"table_name", 
"parent_entity_id", 
"child_entity_id", 
"parent_column_name", 
"child_column_name", 
"index_name")
 VALUES ('7ff8f336-5af7-4782-8a8a-130034bd9d38', 
'MxModelReflection.Token_MxObjectType_Start', 
'mxmodelreflection$token_mxobjecttype_start', 
'18de0f09-7a39-41d8-b83e-71bf3ee80152', 
'cd410397-fedd-4ffc-b980-44d0dd7a494d', 
'mxmodelreflection$tokenid', 
'mxmodelreflection$mxobjecttypeid', 
'idx_mxmodelreflection$token_mxobjecttype_start_mxmodelreflection$mxobjecttype_mxmodelreflection$token');
INSERT INTO "mendixsystem$unique_constraint" ("name", 
"table_id", 
"column_id")
 VALUES ('uniq_mxmodelreflection$token_mxobjecttype_start_mxmodelreflection$tokenid', 
'7ff8f336-5af7-4782-8a8a-130034bd9d38', 
'40158245-b50d-385c-94f3-15c7bbc5536d');
CREATE TABLE "mxmodelreflection$token_mxobjectmember" (
	"mxmodelreflection$tokenid" BIGINT NOT NULL,
	"mxmodelreflection$mxobjectmemberid" BIGINT NOT NULL,
	PRIMARY KEY("mxmodelreflection$tokenid","mxmodelreflection$mxobjectmemberid"),
	CONSTRAINT "uniq_mxmodelreflection$token_mxobjectmember_mxmodelreflection$tokenid" UNIQUE ("mxmodelreflection$tokenid"));
CREATE INDEX "idx_mxmodelreflection$token_mxobjectmember_mxmodelreflection$mxobjectmember_mxmodelreflection$token" ON "mxmodelreflection$token_mxobjectmember" ("mxmodelreflection$mxobjectmemberid" ASC,"mxmodelreflection$tokenid" ASC);
INSERT INTO "mendixsystem$association" ("id", 
"association_name", 
"table_name", 
"parent_entity_id", 
"child_entity_id", 
"parent_column_name", 
"child_column_name", 
"index_name")
 VALUES ('7038e619-b20d-4638-9f0c-2bc22fc35cdf', 
'MxModelReflection.Token_MxObjectMember', 
'mxmodelreflection$token_mxobjectmember', 
'18de0f09-7a39-41d8-b83e-71bf3ee80152', 
'11655a68-5df9-42f3-a19e-6c7353e8ee4a', 
'mxmodelreflection$tokenid', 
'mxmodelreflection$mxobjectmemberid', 
'idx_mxmodelreflection$token_mxobjectmember_mxmodelreflection$mxobjectmember_mxmodelreflection$token');
INSERT INTO "mendixsystem$unique_constraint" ("name", 
"table_id", 
"column_id")
 VALUES ('uniq_mxmodelreflection$token_mxobjectmember_mxmodelreflection$tokenid', 
'7038e619-b20d-4638-9f0c-2bc22fc35cdf', 
'1b54c102-f188-3eb6-9137-7d3e052fca29');
CREATE TABLE "mxmodelreflection$token_mxobjectreference" (
	"mxmodelreflection$tokenid" BIGINT NOT NULL,
	"mxmodelreflection$mxobjectreferenceid" BIGINT NOT NULL,
	PRIMARY KEY("mxmodelreflection$tokenid","mxmodelreflection$mxobjectreferenceid"),
	CONSTRAINT "uniq_mxmodelreflection$token_mxobjectreference_mxmodelreflection$tokenid" UNIQUE ("mxmodelreflection$tokenid"));
CREATE INDEX "idx_mxmodelreflection$token_mxobjectreference_mxmodelreflection$mxobjectreference_mxmodelreflection$token" ON "mxmodelreflection$token_mxobjectreference" ("mxmodelreflection$mxobjectreferenceid" ASC,"mxmodelreflection$tokenid" ASC);
INSERT INTO "mendixsystem$association" ("id", 
"association_name", 
"table_name", 
"parent_entity_id", 
"child_entity_id", 
"parent_column_name", 
"child_column_name", 
"index_name")
 VALUES ('03126969-c3ad-44d9-9991-81cdbd2bfaeb', 
'MxModelReflection.Token_MxObjectReference', 
'mxmodelreflection$token_mxobjectreference', 
'18de0f09-7a39-41d8-b83e-71bf3ee80152', 
'cd548bf7-468b-4a7b-9070-322c5a08b666', 
'mxmodelreflection$tokenid', 
'mxmodelreflection$mxobjectreferenceid', 
'idx_mxmodelreflection$token_mxobjectreference_mxmodelreflection$mxobjectreference_mxmodelreflection$token');
INSERT INTO "mendixsystem$unique_constraint" ("name", 
"table_id", 
"column_id")
 VALUES ('uniq_mxmodelreflection$token_mxobjectreference_mxmodelreflection$tokenid', 
'03126969-c3ad-44d9-9991-81cdbd2bfaeb', 
'252cba58-bb81-328b-99f4-34a35557e62d');
CREATE TABLE "mxmodelreflection$token_mxobjecttype_referenced" (
	"mxmodelreflection$tokenid" BIGINT NOT NULL,
	"mxmodelreflection$mxobjecttypeid" BIGINT NOT NULL,
	PRIMARY KEY("mxmodelreflection$tokenid","mxmodelreflection$mxobjecttypeid"),
	CONSTRAINT "uniq_mxmodelreflection$token_mxobjecttype_referenced_mxmodelreflection$tokenid" UNIQUE ("mxmodelreflection$tokenid"));
CREATE INDEX "idx_mxmodelreflection$token_mxobjecttype_referenced_mxmodelreflection$mxobjecttype_mxmodelreflection$token" ON "mxmodelreflection$token_mxobjecttype_referenced" ("mxmodelreflection$mxobjecttypeid" ASC,"mxmodelreflection$tokenid" ASC);
INSERT INTO "mendixsystem$association" ("id", 
"association_name", 
"table_name", 
"parent_entity_id", 
"child_entity_id", 
"parent_column_name", 
"child_column_name", 
"index_name")
 VALUES ('42abd912-ba16-4e1b-b9fe-e1d925d01953', 
'MxModelReflection.Token_MxObjectType_Referenced', 
'mxmodelreflection$token_mxobjecttype_referenced', 
'18de0f09-7a39-41d8-b83e-71bf3ee80152', 
'cd410397-fedd-4ffc-b980-44d0dd7a494d', 
'mxmodelreflection$tokenid', 
'mxmodelreflection$mxobjecttypeid', 
'idx_mxmodelreflection$token_mxobjecttype_referenced_mxmodelreflection$mxobjecttype_mxmodelreflection$token');
INSERT INTO "mendixsystem$unique_constraint" ("name", 
"table_id", 
"column_id")
 VALUES ('uniq_mxmodelreflection$token_mxobjecttype_referenced_mxmodelreflection$tokenid', 
'42abd912-ba16-4e1b-b9fe-e1d925d01953', 
'a3fb6579-51b3-3e95-aa1a-9670588baf83');
CREATE TABLE "mxmodelreflection$mxobjectenumcaptions" (
	"id" BIGINT NOT NULL,
	"languagecode" VARCHAR_IGNORECASE(8) NULL,
	"changeddate" TIMESTAMP NULL,
	"createddate" TIMESTAMP NULL,
	"languagename" VARCHAR_IGNORECASE(200) NULL,
	"caption" VARCHAR_IGNORECASE(200) NULL,
	"system$owner" BIGINT NULL,
	"system$changedby" BIGINT NULL,
	PRIMARY KEY("id"));
CREATE INDEX "idx_mxmodelreflection$mxobjectenumcaptions_system$owner" ON "mxmodelreflection$mxobjectenumcaptions" ("system$owner" ASC,"id" ASC);
CREATE INDEX "idx_mxmodelreflection$mxobjectenumcaptions_system$changedby" ON "mxmodelreflection$mxobjectenumcaptions" ("system$changedby" ASC,"id" ASC);
INSERT INTO "mendixsystem$entity" ("id", 
"entity_name", 
"table_name")
 VALUES ('61d425fe-83d8-4eeb-8ec4-a5c942e3c7fd', 
'MxModelReflection.MxObjectEnumCaptions', 
'mxmodelreflection$mxobjectenumcaptions');
INSERT INTO "mendixsystem$attribute" ("id", 
"entity_id", 
"attribute_name", 
"column_name", 
"type", 
"length", 
"default_value", 
"is_auto_number")
 VALUES ('3998e058-9a5d-49c9-95dc-22acb7f0cd68', 
'61d425fe-83d8-4eeb-8ec4-a5c942e3c7fd', 
'LanguageCode', 
'languagecode', 
30, 
8, 
'', 
false);
INSERT INTO "mendixsystem$attribute" ("id", 
"entity_id", 
"attribute_name", 
"column_name", 
"type", 
"length", 
"default_value", 
"is_auto_number")
 VALUES ('34466510-299e-3982-8ada-f18a12dd7473', 
'61d425fe-83d8-4eeb-8ec4-a5c942e3c7fd', 
'changedDate', 
'changeddate', 
20, 
0, 
'', 
false);
INSERT INTO "mendixsystem$attribute" ("id", 
"entity_id", 
"attribute_name", 
"column_name", 
"type", 
"length", 
"default_value", 
"is_auto_number")
 VALUES ('c7bb8b18-c9b8-3c07-a744-cf10ead10714', 
'61d425fe-83d8-4eeb-8ec4-a5c942e3c7fd', 
'createdDate', 
'createddate', 
20, 
0, 
'', 
false);
INSERT INTO "mendixsystem$attribute" ("id", 
"entity_id", 
"attribute_name", 
"column_name", 
"type", 
"length", 
"default_value", 
"is_auto_number")
 VALUES ('5b69459b-7e79-4e7f-a3e0-54d4c71e1992', 
'61d425fe-83d8-4eeb-8ec4-a5c942e3c7fd', 
'LanguageName', 
'languagename', 
30, 
200, 
'', 
false);
INSERT INTO "mendixsystem$attribute" ("id", 
"entity_id", 
"attribute_name", 
"column_name", 
"type", 
"length", 
"default_value", 
"is_auto_number")
 VALUES ('9736c45d-ac9a-4fcb-b858-5ed6598b0f81', 
'61d425fe-83d8-4eeb-8ec4-a5c942e3c7fd', 
'Caption', 
'caption', 
30, 
200, 
'', 
false);
INSERT INTO "mendixsystem$index" ("id", 
"table_id", 
"index_name")
 VALUES ('9953027c-8d34-3336-8517-d92154b834cb', 
'61d425fe-83d8-4eeb-8ec4-a5c942e3c7fd', 
'idx_mxmodelreflection$mxobjectenumcaptions_system$owner');
INSERT INTO "mendixsystem$index_column" ("index_id", 
"column_id", 
"sort_order", 
"ordinal")
 VALUES ('9953027c-8d34-3336-8517-d92154b834cb', 
'1fa7e71b-5fa4-378b-9b24-3412384ea9d3', 
false, 
0);
INSERT INTO "mendixsystem$index" ("id", 
"table_id", 
"index_name")
 VALUES ('13ae9d21-b976-3145-b1be-6ada19319b95', 
'61d425fe-83d8-4eeb-8ec4-a5c942e3c7fd', 
'idx_mxmodelreflection$mxobjectenumcaptions_system$changedby');
INSERT INTO "mendixsystem$index_column" ("index_id", 
"column_id", 
"sort_order", 
"ordinal")
 VALUES ('13ae9d21-b976-3145-b1be-6ada19319b95', 
'fc456bae-0c6c-3c8b-a631-4dc5fc442b66', 
false, 
0);
INSERT INTO "mendixsystem$association" ("id", 
"association_name", 
"table_name", 
"parent_entity_id", 
"child_entity_id", 
"parent_column_name", 
"child_column_name")
 VALUES ('1fa7e71b-5fa4-378b-9b24-3412384ea9d3', 
'System.owner', 
'system$owner', 
'61d425fe-83d8-4eeb-8ec4-a5c942e3c7fd', 
'282e2e60-88a5-469d-84a5-ba8d9151644f', 
'id', 
'system$owner');
INSERT INTO "mendixsystem$association" ("id", 
"association_name", 
"table_name", 
"parent_entity_id", 
"child_entity_id", 
"parent_column_name", 
"child_column_name")
 VALUES ('fc456bae-0c6c-3c8b-a631-4dc5fc442b66', 
'System.changedBy', 
'system$changedby', 
'61d425fe-83d8-4eeb-8ec4-a5c942e3c7fd', 
'282e2e60-88a5-469d-84a5-ba8d9151644f', 
'id', 
'system$changedby');
CREATE TABLE "mxmodelreflection$module" (
	"id" BIGINT NOT NULL,
	"synchronizeobjectswithinmodule" BOOLEAN NULL,
	"modulename" VARCHAR_IGNORECASE(200) NULL,
	PRIMARY KEY("id"));
INSERT INTO "mendixsystem$entity" ("id", 
"entity_name", 
"table_name")
 VALUES ('965728f6-466c-47fd-a6c2-230b353426d8', 
'MxModelReflection.Module', 
'mxmodelreflection$module');
INSERT INTO "mendixsystem$attribute" ("id", 
"entity_id", 
"attribute_name", 
"column_name", 
"type", 
"length", 
"default_value", 
"is_auto_number")
 VALUES ('aa4c6e6f-e574-4dc2-9554-67fd428cb371', 
'965728f6-466c-47fd-a6c2-230b353426d8', 
'SynchronizeObjectsWithinModule', 
'synchronizeobjectswithinmodule', 
10, 
0, 
'false', 
false);
INSERT INTO "mendixsystem$attribute" ("id", 
"entity_id", 
"attribute_name", 
"column_name", 
"type", 
"length", 
"default_value", 
"is_auto_number")
 VALUES ('71d6ee92-1ff6-4f97-9699-14b8fe3a5f20', 
'965728f6-466c-47fd-a6c2-230b353426d8', 
'ModuleName', 
'modulename', 
30, 
200, 
'', 
false);
CREATE TABLE "excelimporter$xmldocumenttemplate" (
	"id" BIGINT NOT NULL,
	PRIMARY KEY("id"));
INSERT INTO "mendixsystem$entity" ("id", 
"entity_name", 
"table_name", 
"superentity_id")
 VALUES ('722e7d94-6294-4f59-ac48-4061ae67cf8e', 
'ExcelImporter.XMLDocumentTemplate', 
'excelimporter$xmldocumenttemplate', 
'170ce49d-f29c-4fac-99a6-b55e8a3aeb39');
CREATE TABLE "excelimporter$xmldocumenttemplate_template" (
	"excelimporter$xmldocumenttemplateid" BIGINT NOT NULL,
	"excelimporter$templateid" BIGINT NOT NULL,
	PRIMARY KEY("excelimporter$xmldocumenttemplateid","excelimporter$templateid"),
	CONSTRAINT "uniq_excelimporter$xmldocumenttemplate_template_excelimporter$xmldocumenttemplateid" UNIQUE ("excelimporter$xmldocumenttemplateid"));
CREATE INDEX "idx_excelimporter$xmldocumenttemplate_template_excelimporter$template_excelimporter$xmldocumenttemplate" ON "excelimporter$xmldocumenttemplate_template" ("excelimporter$templateid" ASC,"excelimporter$xmldocumenttemplateid" ASC);
INSERT INTO "mendixsystem$association" ("id", 
"association_name", 
"table_name", 
"parent_entity_id", 
"child_entity_id", 
"parent_column_name", 
"child_column_name", 
"index_name")
 VALUES ('1da1342b-b51b-43b2-8f28-09dea35aca8b', 
'ExcelImporter.XMLDocumentTemplate_Template', 
'excelimporter$xmldocumenttemplate_template', 
'722e7d94-6294-4f59-ac48-4061ae67cf8e', 
'40fdc412-6166-4402-97f2-63b0f0b3a9b3', 
'excelimporter$xmldocumenttemplateid', 
'excelimporter$templateid', 
'idx_excelimporter$xmldocumenttemplate_template_excelimporter$template_excelimporter$xmldocumenttemplate');
INSERT INTO "mendixsystem$unique_constraint" ("name", 
"table_id", 
"column_id")
 VALUES ('uniq_excelimporter$xmldocumenttemplate_template_excelimporter$xmldocumenttemplateid', 
'1da1342b-b51b-43b2-8f28-09dea35aca8b', 
'2dac9c48-e4c3-330a-a1fc-1d53862f1247');
CREATE TABLE "excelimporter$template" (
	"id" BIGINT NOT NULL,
	"sheetindex" INT NULL,
	"status" VARCHAR_IGNORECASE(7) NULL,
	"firstdatarownumber" INT NULL,
	"changeddate" TIMESTAMP NULL,
	"description" VARCHAR_IGNORECASE(2147483647) NULL,
	"createddate" TIMESTAMP NULL,
	"nr" BIGINT NULL,
	"headerrownumber" INT NULL,
	"importaction" VARCHAR_IGNORECASE(23) NULL,
	"title" VARCHAR_IGNORECASE(50) NULL,
	"templatetype" VARCHAR_IGNORECASE(6) NULL,
	"system$changedby" BIGINT NULL,
	"system$owner" BIGINT NULL,
	PRIMARY KEY("id"));
CREATE SEQUENCE "excelimporter$template_nr_mxseq" AS BIGINT START WITH 1;
CREATE INDEX "idx_excelimporter$template_system$changedby" ON "excelimporter$template" ("system$changedby" ASC,"id" ASC);
CREATE INDEX "idx_excelimporter$template_system$owner" ON "excelimporter$template" ("system$owner" ASC,"id" ASC);
INSERT INTO "mendixsystem$entity" ("id", 
"entity_name", 
"table_name")
 VALUES ('40fdc412-6166-4402-97f2-63b0f0b3a9b3', 
'ExcelImporter.Template', 
'excelimporter$template');
INSERT INTO "mendixsystem$attribute" ("id", 
"entity_id", 
"attribute_name", 
"column_name", 
"type", 
"length", 
"default_value", 
"is_auto_number")
 VALUES ('4f3db35b-fda1-49bc-b73f-aa42bc09aee3', 
'40fdc412-6166-4402-97f2-63b0f0b3a9b3', 
'SheetIndex', 
'sheetindex', 
3, 
0, 
'1', 
false);
INSERT INTO "mendixsystem$attribute" ("id", 
"entity_id", 
"attribute_name", 
"column_name", 
"type", 
"length", 
"default_value", 
"is_auto_number")
 VALUES ('e524cf5c-6295-4d00-8873-2961d14a056c', 
'40fdc412-6166-4402-97f2-63b0f0b3a9b3', 
'Status', 
'status', 
40, 
7, 
'INFO', 
false);
INSERT INTO "mendixsystem$attribute" ("id", 
"entity_id", 
"attribute_name", 
"column_name", 
"type", 
"length", 
"default_value", 
"is_auto_number")
 VALUES ('c25acffb-ff31-47c7-a7cd-e84efaa630a7', 
'40fdc412-6166-4402-97f2-63b0f0b3a9b3', 
'FirstDataRowNumber', 
'firstdatarownumber', 
3, 
0, 
'2', 
false);
INSERT INTO "mendixsystem$attribute" ("id", 
"entity_id", 
"attribute_name", 
"column_name", 
"type", 
"length", 
"default_value", 
"is_auto_number")
 VALUES ('0ad4ccab-d8fc-304b-8a42-c39c0250e1fb', 
'40fdc412-6166-4402-97f2-63b0f0b3a9b3', 
'changedDate', 
'changeddate', 
20, 
0, 
'', 
false);
INSERT INTO "mendixsystem$attribute" ("id", 
"entity_id", 
"attribute_name", 
"column_name", 
"type", 
"length", 
"default_value", 
"is_auto_number")
 VALUES ('1b8c7bd0-b914-4143-9da0-2f1e9f7f383e', 
'40fdc412-6166-4402-97f2-63b0f0b3a9b3', 
'Description', 
'description', 
30, 
0, 
'', 
false);
INSERT INTO "mendixsystem$attribute" ("id", 
"entity_id", 
"attribute_name", 
"column_name", 
"type", 
"length", 
"default_value", 
"is_auto_number")
 VALUES ('9b018e37-44c3-330a-8280-631fbd885d3d', 
'40fdc412-6166-4402-97f2-63b0f0b3a9b3', 
'createdDate', 
'createddate', 
20, 
0, 
'', 
false);
INSERT INTO "mendixsystem$attribute" ("id", 
"entity_id", 
"attribute_name", 
"column_name", 
"type", 
"length", 
"default_value", 
"is_auto_number")
 VALUES ('26916fb9-9340-43e7-9c2b-c4943a6e2854', 
'40fdc412-6166-4402-97f2-63b0f0b3a9b3', 
'Nr', 
'nr', 
0, 
0, 
'1', 
true);
INSERT INTO "mendixsystem$sequence" ("attribute_id", 
"name", 
"start_value", 
"current_value")
 VALUES ('26916fb9-9340-43e7-9c2b-c4943a6e2854', 
'excelimporter$template_nr_mxseq', 
1, 
0);
INSERT INTO "mendixsystem$attribute" ("id", 
"entity_id", 
"attribute_name", 
"column_name", 
"type", 
"length", 
"default_value", 
"is_auto_number")
 VALUES ('ccb3c355-347c-4c3c-a233-0ffa3e88c0c1', 
'40fdc412-6166-4402-97f2-63b0f0b3a9b3', 
'HeaderRowNumber', 
'headerrownumber', 
3, 
0, 
'1', 
false);
INSERT INTO "mendixsystem$attribute" ("id", 
"entity_id", 
"attribute_name", 
"column_name", 
"type", 
"length", 
"default_value", 
"is_auto_number")
 VALUES ('f3e537da-9bd1-4c2e-ae49-b70d00b3ff8a', 
'40fdc412-6166-4402-97f2-63b0f0b3a9b3', 
'ImportAction', 
'importaction', 
40, 
23, 
'SynchronizeObjects', 
false);
INSERT INTO "mendixsystem$attribute" ("id", 
"entity_id", 
"attribute_name", 
"column_name", 
"type", 
"length", 
"default_value", 
"is_auto_number")
 VALUES ('87099ba5-fd2c-4ecc-9074-27a5dcc55cbf', 
'40fdc412-6166-4402-97f2-63b0f0b3a9b3', 
'Title', 
'title', 
30, 
50, 
'', 
false);
INSERT INTO "mendixsystem$attribute" ("id", 
"entity_id", 
"attribute_name", 
"column_name", 
"type", 
"length", 
"default_value", 
"is_auto_number")
 VALUES ('d14b9048-dadc-4cb1-ab86-a994a134b9f7', 
'40fdc412-6166-4402-97f2-63b0f0b3a9b3', 
'TemplateType', 
'templatetype', 
40, 
6, 
'Normal', 
false);
INSERT INTO "mendixsystem$index" ("id", 
"table_id", 
"index_name")
 VALUES ('ee93ee3c-34cd-3412-9b98-cfe75766f49f', 
'40fdc412-6166-4402-97f2-63b0f0b3a9b3', 
'idx_excelimporter$template_system$changedby');
INSERT INTO "mendixsystem$index_column" ("index_id", 
"column_id", 
"sort_order", 
"ordinal")
 VALUES ('ee93ee3c-34cd-3412-9b98-cfe75766f49f', 
'3e0478a7-89a8-3e79-a1f2-7e164c5c0b38', 
false, 
0);
INSERT INTO "mendixsystem$index" ("id", 
"table_id", 
"index_name")
 VALUES ('9217ba30-0da5-310a-a6b9-f163ab210132', 
'40fdc412-6166-4402-97f2-63b0f0b3a9b3', 
'idx_excelimporter$template_system$owner');
INSERT INTO "mendixsystem$index_column" ("index_id", 
"column_id", 
"sort_order", 
"ordinal")
 VALUES ('9217ba30-0da5-310a-a6b9-f163ab210132', 
'fa833c24-f88b-3d85-b32b-1c249608259b', 
false, 
0);
INSERT INTO "mendixsystem$association" ("id", 
"association_name", 
"table_name", 
"parent_entity_id", 
"child_entity_id", 
"parent_column_name", 
"child_column_name")
 VALUES ('3e0478a7-89a8-3e79-a1f2-7e164c5c0b38', 
'System.changedBy', 
'system$changedby', 
'40fdc412-6166-4402-97f2-63b0f0b3a9b3', 
'282e2e60-88a5-469d-84a5-ba8d9151644f', 
'id', 
'system$changedby');
INSERT INTO "mendixsystem$association" ("id", 
"association_name", 
"table_name", 
"parent_entity_id", 
"child_entity_id", 
"parent_column_name", 
"child_column_name")
 VALUES ('fa833c24-f88b-3d85-b32b-1c249608259b', 
'System.owner', 
'system$owner', 
'40fdc412-6166-4402-97f2-63b0f0b3a9b3', 
'282e2e60-88a5-469d-84a5-ba8d9151644f', 
'id', 
'system$owner');
CREATE TABLE "excelimporter$template_mxobjecttype" (
	"excelimporter$templateid" BIGINT NOT NULL,
	"mxmodelreflection$mxobjecttypeid" BIGINT NOT NULL,
	PRIMARY KEY("excelimporter$templateid","mxmodelreflection$mxobjecttypeid"),
	CONSTRAINT "uniq_excelimporter$template_mxobjecttype_excelimporter$templateid" UNIQUE ("excelimporter$templateid"));
CREATE INDEX "idx_excelimporter$template_mxobjecttype_mxmodelreflection$mxobjecttype_excelimporter$template" ON "excelimporter$template_mxobjecttype" ("mxmodelreflection$mxobjecttypeid" ASC,"excelimporter$templateid" ASC);
INSERT INTO "mendixsystem$association" ("id", 
"association_name", 
"table_name", 
"parent_entity_id", 
"child_entity_id", 
"parent_column_name", 
"child_column_name", 
"index_name")
 VALUES ('6d099bee-304b-4138-ae32-27ec73a7f7e7', 
'ExcelImporter.Template_MxObjectType', 
'excelimporter$template_mxobjecttype', 
'40fdc412-6166-4402-97f2-63b0f0b3a9b3', 
'cd410397-fedd-4ffc-b980-44d0dd7a494d', 
'excelimporter$templateid', 
'mxmodelreflection$mxobjecttypeid', 
'idx_excelimporter$template_mxobjecttype_mxmodelreflection$mxobjecttype_excelimporter$template');
INSERT INTO "mendixsystem$unique_constraint" ("name", 
"table_id", 
"column_id")
 VALUES ('uniq_excelimporter$template_mxobjecttype_excelimporter$templateid', 
'6d099bee-304b-4138-ae32-27ec73a7f7e7', 
'8d89fc15-b269-3fa8-be22-11bb066ae0e1');
CREATE TABLE "excelimporter$template_mxobjectreference_parentassociation" (
	"excelimporter$templateid" BIGINT NOT NULL,
	"mxmodelreflection$mxobjectreferenceid" BIGINT NOT NULL,
	PRIMARY KEY("excelimporter$templateid","mxmodelreflection$mxobjectreferenceid"),
	CONSTRAINT "uniq_excelimporter$template_mxobjectreference_parentassociation_excelimporter$templateid" UNIQUE ("excelimporter$templateid"));
CREATE INDEX "idx_excelimporter$template_mxobjectreference_parentassociation_mxmodelreflection$mxobjectreference_excelimporter$template" ON "excelimporter$template_mxobjectreference_parentassociation" ("mxmodelreflection$mxobjectreferenceid" ASC,"excelimporter$templateid" ASC);
INSERT INTO "mendixsystem$association" ("id", 
"association_name", 
"table_name", 
"parent_entity_id", 
"child_entity_id", 
"parent_column_name", 
"child_column_name", 
"index_name")
 VALUES ('8aa5d82a-3bd2-442f-9827-feee26a432b9', 
'ExcelImporter.Template_MxObjectReference_ParentAssociation', 
'excelimporter$template_mxobjectreference_parentassociation', 
'40fdc412-6166-4402-97f2-63b0f0b3a9b3', 
'cd548bf7-468b-4a7b-9070-322c5a08b666', 
'excelimporter$templateid', 
'mxmodelreflection$mxobjectreferenceid', 
'idx_excelimporter$template_mxobjectreference_parentassociation_mxmodelreflection$mxobjectreference_excelimporter$template');
INSERT INTO "mendixsystem$unique_constraint" ("name", 
"table_id", 
"column_id")
 VALUES ('uniq_excelimporter$template_mxobjectreference_parentassociation_excelimporter$templateid', 
'8aa5d82a-3bd2-442f-9827-feee26a432b9', 
'95112a8c-4c13-3408-846e-fd855d085fe0');
CREATE TABLE "excelimporter$template_additionalproperties" (
	"excelimporter$templateid" BIGINT NOT NULL,
	"excelimporter$additionalpropertiesid" BIGINT NOT NULL,
	PRIMARY KEY("excelimporter$templateid","excelimporter$additionalpropertiesid"),
	CONSTRAINT "uniq_excelimporter$template_additionalproperties_excelimporter$additionalpropertiesid" UNIQUE ("excelimporter$additionalpropertiesid"),
	CONSTRAINT "uniq_excelimporter$template_additionalproperties_excelimporter$templateid" UNIQUE ("excelimporter$templateid"));
CREATE INDEX "idx_excelimporter$template_additionalproperties_excelimporter$additionalproperties_excelimporter$template" ON "excelimporter$template_additionalproperties" ("excelimporter$additionalpropertiesid" ASC,"excelimporter$templateid" ASC);
INSERT INTO "mendixsystem$association" ("id", 
"association_name", 
"table_name", 
"parent_entity_id", 
"child_entity_id", 
"parent_column_name", 
"child_column_name", 
"index_name")
 VALUES ('6c1d586a-3109-4994-8db1-701e1a04bdce', 
'ExcelImporter.Template_AdditionalProperties', 
'excelimporter$template_additionalproperties', 
'40fdc412-6166-4402-97f2-63b0f0b3a9b3', 
'de0e6ce1-e6db-4dee-985b-920fa3fe1e6e', 
'excelimporter$templateid', 
'excelimporter$additionalpropertiesid', 
'idx_excelimporter$template_additionalproperties_excelimporter$additionalproperties_excelimporter$template');
INSERT INTO "mendixsystem$unique_constraint" ("name", 
"table_id", 
"column_id")
 VALUES ('uniq_excelimporter$template_additionalproperties_excelimporter$additionalpropertiesid', 
'6c1d586a-3109-4994-8db1-701e1a04bdce', 
'02eb905d-810c-3682-9c22-777747aaaa28');
INSERT INTO "mendixsystem$unique_constraint" ("name", 
"table_id", 
"column_id")
 VALUES ('uniq_excelimporter$template_additionalproperties_excelimporter$templateid', 
'6c1d586a-3109-4994-8db1-701e1a04bdce', 
'f5e8c47a-9c34-352a-946b-437407317e22');
CREATE TABLE "excelimporter$template_mastertemplate" (
	"excelimporter$templateid1" BIGINT NOT NULL,
	"excelimporter$templateid2" BIGINT NOT NULL,
	PRIMARY KEY("excelimporter$templateid1","excelimporter$templateid2"),
	CONSTRAINT "uniq_excelimporter$template_mastertemplate_excelimporter$templateid1" UNIQUE ("excelimporter$templateid1"));
CREATE INDEX "idx_excelimporter$template_mastertemplate_excelimporter$template_excelimporter$template" ON "excelimporter$template_mastertemplate" ("excelimporter$templateid2" ASC,"excelimporter$templateid1" ASC);
INSERT INTO "mendixsystem$association" ("id", 
"association_name", 
"table_name", 
"parent_entity_id", 
"child_entity_id", 
"parent_column_name", 
"child_column_name", 
"index_name")
 VALUES ('38877ddb-e99f-4abb-8d0e-e06dd4bd4119', 
'ExcelImporter.Template_MasterTemplate', 
'excelimporter$template_mastertemplate', 
'40fdc412-6166-4402-97f2-63b0f0b3a9b3', 
'40fdc412-6166-4402-97f2-63b0f0b3a9b3', 
'excelimporter$templateid1', 
'excelimporter$templateid2', 
'idx_excelimporter$template_mastertemplate_excelimporter$template_excelimporter$template');
INSERT INTO "mendixsystem$unique_constraint" ("name", 
"table_id", 
"column_id")
 VALUES ('uniq_excelimporter$template_mastertemplate_excelimporter$templateid1', 
'38877ddb-e99f-4abb-8d0e-e06dd4bd4119', 
'c80c3230-0bbd-32da-8c1c-3aa8439c3ffb');
CREATE TABLE "excelimporter$referencehandling" (
	"id" BIGINT NOT NULL,
	"changeddate" TIMESTAMP NULL,
	"ignoreemptykeys" BOOLEAN NULL,
	"createddate" TIMESTAMP NULL,
	"datahandling" VARCHAR_IGNORECASE(9) NULL,
	"printnotfoundmessages" BOOLEAN NULL,
	"commitunchangedobjects" BOOLEAN NULL,
	"handling" VARCHAR_IGNORECASE(20) NULL,
	"system$owner" BIGINT NULL,
	"system$changedby" BIGINT NULL,
	PRIMARY KEY("id"));
CREATE INDEX "idx_excelimporter$referencehandling_system$owner" ON "excelimporter$referencehandling" ("system$owner" ASC,"id" ASC);
CREATE INDEX "idx_excelimporter$referencehandling_system$changedby" ON "excelimporter$referencehandling" ("system$changedby" ASC,"id" ASC);
INSERT INTO "mendixsystem$entity" ("id", 
"entity_name", 
"table_name")
 VALUES ('943d6574-2843-4a80-a7c5-4191ce50af66', 
'ExcelImporter.ReferenceHandling', 
'excelimporter$referencehandling');
INSERT INTO "mendixsystem$attribute" ("id", 
"entity_id", 
"attribute_name", 
"column_name", 
"type", 
"length", 
"default_value", 
"is_auto_number")
 VALUES ('2de045d0-153b-34bf-a5ac-c73964c921a4', 
'943d6574-2843-4a80-a7c5-4191ce50af66', 
'changedDate', 
'changeddate', 
20, 
0, 
'', 
false);
INSERT INTO "mendixsystem$attribute" ("id", 
"entity_id", 
"attribute_name", 
"column_name", 
"type", 
"length", 
"default_value", 
"is_auto_number")
 VALUES ('18f224d1-f2d4-4ca8-82fe-9f45bed9df39', 
'943d6574-2843-4a80-a7c5-4191ce50af66', 
'IgnoreEmptyKeys', 
'ignoreemptykeys', 
10, 
0, 
'true', 
false);
INSERT INTO "mendixsystem$attribute" ("id", 
"entity_id", 
"attribute_name", 
"column_name", 
"type", 
"length", 
"default_value", 
"is_auto_number")
 VALUES ('2b6a0969-4721-35e7-89d2-0c562f43218e', 
'943d6574-2843-4a80-a7c5-4191ce50af66', 
'createdDate', 
'createddate', 
20, 
0, 
'', 
false);
INSERT INTO "mendixsystem$attribute" ("id", 
"entity_id", 
"attribute_name", 
"column_name", 
"type", 
"length", 
"default_value", 
"is_auto_number")
 VALUES ('82bb7cb6-056b-448e-89b6-293e781f1aa1', 
'943d6574-2843-4a80-a7c5-4191ce50af66', 
'DataHandling', 
'datahandling', 
40, 
9, 
'Overwrite', 
false);
INSERT INTO "mendixsystem$attribute" ("id", 
"entity_id", 
"attribute_name", 
"column_name", 
"type", 
"length", 
"default_value", 
"is_auto_number")
 VALUES ('78fdc166-c003-46d0-a758-24c659ffe34b', 
'943d6574-2843-4a80-a7c5-4191ce50af66', 
'PrintNotFoundMessages', 
'printnotfoundmessages', 
10, 
0, 
'false', 
false);
INSERT INTO "mendixsystem$attribute" ("id", 
"entity_id", 
"attribute_name", 
"column_name", 
"type", 
"length", 
"default_value", 
"is_auto_number")
 VALUES ('4434b745-96ae-4f82-9a9a-07abed1a485e', 
'943d6574-2843-4a80-a7c5-4191ce50af66', 
'CommitUnchangedObjects', 
'commitunchangedobjects', 
10, 
0, 
'true', 
false);
INSERT INTO "mendixsystem$attribute" ("id", 
"entity_id", 
"attribute_name", 
"column_name", 
"type", 
"length", 
"default_value", 
"is_auto_number")
 VALUES ('25f56973-13ea-4f40-bbc2-1eeda13a0573', 
'943d6574-2843-4a80-a7c5-4191ce50af66', 
'Handling', 
'handling', 
40, 
20, 
'FindCreate', 
false);
INSERT INTO "mendixsystem$index" ("id", 
"table_id", 
"index_name")
 VALUES ('4d6d76e1-f3ad-3c38-b08f-71c56f1f9750', 
'943d6574-2843-4a80-a7c5-4191ce50af66', 
'idx_excelimporter$referencehandling_system$owner');
INSERT INTO "mendixsystem$index_column" ("index_id", 
"column_id", 
"sort_order", 
"ordinal")
 VALUES ('4d6d76e1-f3ad-3c38-b08f-71c56f1f9750', 
'd5525859-1bca-3c5b-b75f-6a768d4361ec', 
false, 
0);
INSERT INTO "mendixsystem$index" ("id", 
"table_id", 
"index_name")
 VALUES ('a8c61702-3555-392e-84f0-534ab082d7fc', 
'943d6574-2843-4a80-a7c5-4191ce50af66', 
'idx_excelimporter$referencehandling_system$changedby');
INSERT INTO "mendixsystem$index_column" ("index_id", 
"column_id", 
"sort_order", 
"ordinal")
 VALUES ('a8c61702-3555-392e-84f0-534ab082d7fc', 
'd4af418f-82b4-33a4-a024-cdd5ca7304fe', 
false, 
0);
INSERT INTO "mendixsystem$association" ("id", 
"association_name", 
"table_name", 
"parent_entity_id", 
"child_entity_id", 
"parent_column_name", 
"child_column_name")
 VALUES ('d5525859-1bca-3c5b-b75f-6a768d4361ec', 
'System.owner', 
'system$owner', 
'943d6574-2843-4a80-a7c5-4191ce50af66', 
'282e2e60-88a5-469d-84a5-ba8d9151644f', 
'id', 
'system$owner');
INSERT INTO "mendixsystem$association" ("id", 
"association_name", 
"table_name", 
"parent_entity_id", 
"child_entity_id", 
"parent_column_name", 
"child_column_name")
 VALUES ('d4af418f-82b4-33a4-a024-cdd5ca7304fe', 
'System.changedBy', 
'system$changedby', 
'943d6574-2843-4a80-a7c5-4191ce50af66', 
'282e2e60-88a5-469d-84a5-ba8d9151644f', 
'id', 
'system$changedby');
CREATE TABLE "excelimporter$referencehandling_template" (
	"excelimporter$referencehandlingid" BIGINT NOT NULL,
	"excelimporter$templateid" BIGINT NOT NULL,
	PRIMARY KEY("excelimporter$referencehandlingid","excelimporter$templateid"),
	CONSTRAINT "uniq_excelimporter$referencehandling_template_excelimporter$referencehandlingid" UNIQUE ("excelimporter$referencehandlingid"));
CREATE INDEX "idx_excelimporter$referencehandling_template_excelimporter$template_excelimporter$referencehandling" ON "excelimporter$referencehandling_template" ("excelimporter$templateid" ASC,"excelimporter$referencehandlingid" ASC);
INSERT INTO "mendixsystem$association" ("id", 
"association_name", 
"table_name", 
"parent_entity_id", 
"child_entity_id", 
"parent_column_name", 
"child_column_name", 
"index_name")
 VALUES ('a38ce600-f68d-48df-9675-d85941c4e516', 
'ExcelImporter.ReferenceHandling_Template', 
'excelimporter$referencehandling_template', 
'943d6574-2843-4a80-a7c5-4191ce50af66', 
'40fdc412-6166-4402-97f2-63b0f0b3a9b3', 
'excelimporter$referencehandlingid', 
'excelimporter$templateid', 
'idx_excelimporter$referencehandling_template_excelimporter$template_excelimporter$referencehandling');
INSERT INTO "mendixsystem$unique_constraint" ("name", 
"table_id", 
"column_id")
 VALUES ('uniq_excelimporter$referencehandling_template_excelimporter$referencehandlingid', 
'a38ce600-f68d-48df-9675-d85941c4e516', 
'5d7b44ff-efe9-3588-ab77-7d7b4b76ddbb');
CREATE TABLE "excelimporter$referencehandling_mxobjectreference" (
	"excelimporter$referencehandlingid" BIGINT NOT NULL,
	"mxmodelreflection$mxobjectreferenceid" BIGINT NOT NULL,
	PRIMARY KEY("excelimporter$referencehandlingid","mxmodelreflection$mxobjectreferenceid"),
	CONSTRAINT "uniq_excelimporter$referencehandling_mxobjectreference_excelimporter$referencehandlingid" UNIQUE ("excelimporter$referencehandlingid"));
CREATE INDEX "idx_excelimporter$referencehandling_mxobjectreference_mxmodelreflection$mxobjectreference_excelimporter$referencehandling" ON "excelimporter$referencehandling_mxobjectreference" ("mxmodelreflection$mxobjectreferenceid" ASC,"excelimporter$referencehandlingid" ASC);
INSERT INTO "mendixsystem$association" ("id", 
"association_name", 
"table_name", 
"parent_entity_id", 
"child_entity_id", 
"parent_column_name", 
"child_column_name", 
"index_name")
 VALUES ('0a79331b-dfd2-411e-82bf-c15282ae586b', 
'ExcelImporter.ReferenceHandling_MxObjectReference', 
'excelimporter$referencehandling_mxobjectreference', 
'943d6574-2843-4a80-a7c5-4191ce50af66', 
'cd548bf7-468b-4a7b-9070-322c5a08b666', 
'excelimporter$referencehandlingid', 
'mxmodelreflection$mxobjectreferenceid', 
'idx_excelimporter$referencehandling_mxobjectreference_mxmodelreflection$mxobjectreference_excelimporter$referencehandling');
INSERT INTO "mendixsystem$unique_constraint" ("name", 
"table_id", 
"column_id")
 VALUES ('uniq_excelimporter$referencehandling_mxobjectreference_excelimporter$referencehandlingid', 
'0a79331b-dfd2-411e-82bf-c15282ae586b', 
'ac77780a-736f-35e3-939c-779eea3e0272');
CREATE TABLE "mxmodelreflection$mxobjecttype" (
	"id" BIGINT NOT NULL,
	"changeddate" TIMESTAMP NULL,
	"createddate" TIMESTAMP NULL,
	"persistencetype" VARCHAR_IGNORECASE(14) NULL,
	"completename" VARCHAR_IGNORECASE(200) NULL,
	"module" VARCHAR_IGNORECASE(200) NULL,
	"name" VARCHAR_IGNORECASE(200) NULL,
	"readablename" VARCHAR_IGNORECASE(400) NULL,
	"system$changedby" BIGINT NULL,
	"system$owner" BIGINT NULL,
	PRIMARY KEY("id"));
CREATE INDEX "idx_mxmodelreflection$mxobjecttype_system$changedby" ON "mxmodelreflection$mxobjecttype" ("system$changedby" ASC,"id" ASC);
CREATE INDEX "idx_mxmodelreflection$mxobjecttype_system$owner" ON "mxmodelreflection$mxobjecttype" ("system$owner" ASC,"id" ASC);
INSERT INTO "mendixsystem$entity" ("id", 
"entity_name", 
"table_name")
 VALUES ('cd410397-fedd-4ffc-b980-44d0dd7a494d', 
'MxModelReflection.MxObjectType', 
'mxmodelreflection$mxobjecttype');
INSERT INTO "mendixsystem$attribute" ("id", 
"entity_id", 
"attribute_name", 
"column_name", 
"type", 
"length", 
"default_value", 
"is_auto_number")
 VALUES ('81a43f47-7fa3-3fca-8009-a69553d0a28e', 
'cd410397-fedd-4ffc-b980-44d0dd7a494d', 
'changedDate', 
'changeddate', 
20, 
0, 
'', 
false);
INSERT INTO "mendixsystem$attribute" ("id", 
"entity_id", 
"attribute_name", 
"column_name", 
"type", 
"length", 
"default_value", 
"is_auto_number")
 VALUES ('a6f278cb-5601-31ac-b0ba-c1bc26e58e9e', 
'cd410397-fedd-4ffc-b980-44d0dd7a494d', 
'createdDate', 
'createddate', 
20, 
0, 
'', 
false);
INSERT INTO "mendixsystem$attribute" ("id", 
"entity_id", 
"attribute_name", 
"column_name", 
"type", 
"length", 
"default_value", 
"is_auto_number")
 VALUES ('99a103a1-a253-4006-9bf1-76e388ba4d7a', 
'cd410397-fedd-4ffc-b980-44d0dd7a494d', 
'PersistenceType', 
'persistencetype', 
40, 
14, 
'Persistable', 
false);
INSERT INTO "mendixsystem$attribute" ("id", 
"entity_id", 
"attribute_name", 
"column_name", 
"type", 
"length", 
"default_value", 
"is_auto_number")
 VALUES ('2448e014-0c8b-4291-8653-c48a58517d3a', 
'cd410397-fedd-4ffc-b980-44d0dd7a494d', 
'CompleteName', 
'completename', 
30, 
200, 
'', 
false);
INSERT INTO "mendixsystem$attribute" ("id", 
"entity_id", 
"attribute_name", 
"column_name", 
"type", 
"length", 
"default_value", 
"is_auto_number")
 VALUES ('efa536bc-3173-4da6-9d54-36b5a61086b9', 
'cd410397-fedd-4ffc-b980-44d0dd7a494d', 
'Module', 
'module', 
30, 
200, 
'', 
false);
INSERT INTO "mendixsystem$attribute" ("id", 
"entity_id", 
"attribute_name", 
"column_name", 
"type", 
"length", 
"default_value", 
"is_auto_number")
 VALUES ('65ffcca2-497c-48b4-9f60-f6f4100c4f47', 
'cd410397-fedd-4ffc-b980-44d0dd7a494d', 
'Name', 
'name', 
30, 
200, 
'', 
false);
INSERT INTO "mendixsystem$attribute" ("id", 
"entity_id", 
"attribute_name", 
"column_name", 
"type", 
"length", 
"default_value", 
"is_auto_number")
 VALUES ('c4e23054-8569-4a50-bf35-8b7d2e07bb38', 
'cd410397-fedd-4ffc-b980-44d0dd7a494d', 
'ReadableName', 
'readablename', 
30, 
400, 
'', 
false);
INSERT INTO "mendixsystem$index" ("id", 
"table_id", 
"index_name")
 VALUES ('35f42496-15c8-389f-9427-e6d01e1acd7c', 
'cd410397-fedd-4ffc-b980-44d0dd7a494d', 
'idx_mxmodelreflection$mxobjecttype_system$changedby');
INSERT INTO "mendixsystem$index_column" ("index_id", 
"column_id", 
"sort_order", 
"ordinal")
 VALUES ('35f42496-15c8-389f-9427-e6d01e1acd7c', 
'9b2afdc6-0838-3249-b1c0-36b0c530bd68', 
false, 
0);
INSERT INTO "mendixsystem$index" ("id", 
"table_id", 
"index_name")
 VALUES ('7f871798-fa2e-366f-99b3-337512101f27', 
'cd410397-fedd-4ffc-b980-44d0dd7a494d', 
'idx_mxmodelreflection$mxobjecttype_system$owner');
INSERT INTO "mendixsystem$index_column" ("index_id", 
"column_id", 
"sort_order", 
"ordinal")
 VALUES ('7f871798-fa2e-366f-99b3-337512101f27', 
'b14eaa96-87fd-3815-ad41-5c270e9bb5d7', 
false, 
0);
INSERT INTO "mendixsystem$association" ("id", 
"association_name", 
"table_name", 
"parent_entity_id", 
"child_entity_id", 
"parent_column_name", 
"child_column_name")
 VALUES ('9b2afdc6-0838-3249-b1c0-36b0c530bd68', 
'System.changedBy', 
'system$changedby', 
'cd410397-fedd-4ffc-b980-44d0dd7a494d', 
'282e2e60-88a5-469d-84a5-ba8d9151644f', 
'id', 
'system$changedby');
INSERT INTO "mendixsystem$association" ("id", 
"association_name", 
"table_name", 
"parent_entity_id", 
"child_entity_id", 
"parent_column_name", 
"child_column_name")
 VALUES ('b14eaa96-87fd-3815-ad41-5c270e9bb5d7', 
'System.owner', 
'system$owner', 
'cd410397-fedd-4ffc-b980-44d0dd7a494d', 
'282e2e60-88a5-469d-84a5-ba8d9151644f', 
'id', 
'system$owner');
CREATE TABLE "mxmodelreflection$mxobjecttype_subclassof_mxobjecttype" (
	"mxmodelreflection$mxobjecttypeid1" BIGINT NOT NULL,
	"mxmodelreflection$mxobjecttypeid2" BIGINT NOT NULL,
	PRIMARY KEY("mxmodelreflection$mxobjecttypeid1","mxmodelreflection$mxobjecttypeid2"));
CREATE INDEX "idx_mxmodelreflection$mxobjecttype_subclassof_mxobjecttype_mxmodelreflection$mxobjecttype_mxmodelreflection$mxobjecttype" ON "mxmodelreflection$mxobjecttype_subclassof_mxobjecttype" ("mxmodelreflection$mxobjecttypeid2" ASC,"mxmodelreflection$mxobjecttypeid1" ASC);
INSERT INTO "mendixsystem$association" ("id", 
"association_name", 
"table_name", 
"parent_entity_id", 
"child_entity_id", 
"parent_column_name", 
"child_column_name", 
"index_name")
 VALUES ('56903cdc-6056-4aff-99be-0e81c48ab6c1', 
'MxModelReflection.MxObjectType_SubClassOf_MxObjectType', 
'mxmodelreflection$mxobjecttype_subclassof_mxobjecttype', 
'cd410397-fedd-4ffc-b980-44d0dd7a494d', 
'cd410397-fedd-4ffc-b980-44d0dd7a494d', 
'mxmodelreflection$mxobjecttypeid1', 
'mxmodelreflection$mxobjecttypeid2', 
'idx_mxmodelreflection$mxobjecttype_subclassof_mxobjecttype_mxmodelreflection$mxobjecttype_mxmodelreflection$mxobjecttype');
CREATE TABLE "mxmodelreflection$mxobjecttype_module" (
	"mxmodelreflection$mxobjecttypeid" BIGINT NOT NULL,
	"mxmodelreflection$moduleid" BIGINT NOT NULL,
	PRIMARY KEY("mxmodelreflection$mxobjecttypeid","mxmodelreflection$moduleid"),
	CONSTRAINT "uniq_mxmodelreflection$mxobjecttype_module_mxmodelreflection$mxobjecttypeid" UNIQUE ("mxmodelreflection$mxobjecttypeid"));
CREATE INDEX "idx_mxmodelreflection$mxobjecttype_module_mxmodelreflection$module_mxmodelreflection$mxobjecttype" ON "mxmodelreflection$mxobjecttype_module" ("mxmodelreflection$moduleid" ASC,"mxmodelreflection$mxobjecttypeid" ASC);
INSERT INTO "mendixsystem$association" ("id", 
"association_name", 
"table_name", 
"parent_entity_id", 
"child_entity_id", 
"parent_column_name", 
"child_column_name", 
"index_name")
 VALUES ('065dd76c-376b-4e5a-94fa-48116036afb1', 
'MxModelReflection.MxObjectType_Module', 
'mxmodelreflection$mxobjecttype_module', 
'cd410397-fedd-4ffc-b980-44d0dd7a494d', 
'965728f6-466c-47fd-a6c2-230b353426d8', 
'mxmodelreflection$mxobjecttypeid', 
'mxmodelreflection$moduleid', 
'idx_mxmodelreflection$mxobjecttype_module_mxmodelreflection$module_mxmodelreflection$mxobjecttype');
INSERT INTO "mendixsystem$unique_constraint" ("name", 
"table_id", 
"column_id")
 VALUES ('uniq_mxmodelreflection$mxobjecttype_module_mxmodelreflection$mxobjecttypeid', 
'065dd76c-376b-4e5a-94fa-48116036afb1', 
'37b4506d-21c7-3d65-8ebe-779cc7b9b557');
UPDATE "mendixsystem$version"
 SET "versionnumber" = '4.2', 
"lastsyncdate" = '20181018 22:43:50';
